id,companyName,url,industry,employeeCount,challenges,reasons,effects,fullText,createdAt,usageScale
60001,ゆうみらい小児歯科・矯正歯科,https://www.officedeyasai.jp/interview/%e3%82%86%e3%81%86%e3%81%bf%e3%82%89%e3%81%84%e5%b0%8f%e5%85%90%e6%ad%af%e7%a7%91%e3%83%bb%e7%9f%af%e6%ad%a3%e6%ad%af%e7%a7%91/,医療・ヘルスケア,17,"[""従業員の健康的な食事を支援したい"",""従業員満足度を上げたい""]","[""食育を考える立場にあり、「自分たちから健康にならなくていけない」と分かった"",""「健康」と「野菜が主軸」ことから、食育の一貫として導入を決めた""]","[""スタッフの経済的負担の軽減（コンビニに行く回数が減った）""]","
## [1] 「ゆうみらい小児歯科・矯正歯科」の導入事例 | OFFICE DE YASAI（オフィスで野菜）

**URL:** https://www.officedeyasai.jp/interview/%e3%82%86%e3%81%86%e3%81%bf%e3%82%89%e3%81%84%e5%b0%8f%e5%85%90%e6%ad%af%e7%a7%91%e3%83%bb%e7%9f%af%e6%ad%a3%e6%ad%af%e7%a7%91/

課題
従業員の健康的な食事を支援したい
従業員満足度を上げたい
決め手
食育を考える立場にあり、「自分たちから健康にならなくていけない」と分かった
「健康」と「野菜が主軸」ことから、食育の一貫として導入を決めた
効果
スタッフの経済的負担の軽減（コンビニに行く回数が減った）
社員の野菜・果物を食べる習慣がついた
健康志向＆豊富な野菜メニューが導入の決め手！
導入後のアンケート結果も紹介
従業員の食生活について、課題を抱える企業は少なくありません。
現代における健康的な生活に最も深く関わるキーワードである「食」。
昨今働き世代",2025-10-30 11:50:51,11〜50名
60002,ヴァンテージマネジメント株式会社,https://www.officedeyasai.jp/interview/%e3%82%a6%e3%82%99%e3%82%a1%e3%83%b3%e3%83%86%e3%83%bc%e3%82%b7%e3%82%99%e3%83%9e%e3%83%8d%e3%82%b7%e3%82%99%e3%83%a1%e3%83%b3%e3%83%88%e6%a0%aa%e5%bc%8f%e4%bc%9a%e7%a4%be/,飲食・食品,,"[""食環境を充実させたい"",""従業員の健康的な食事を支援したい"",""社内コミュニケーションを活性化したい""]","[""食事から従業員の健康意識を上げたかった"",""設置型でいつでも好きなときに利用できる""]","[""健康を意識する従業員が増えた""]","
## [2] 「ヴァンテージマネジメント株式会社」の導入事例 | OFFICE DE YASAI（オフィスで野菜）

**URL:** https://www.officedeyasai.jp/interview/%e3%82%a6%e3%82%99%e3%82%a1%e3%83%b3%e3%83%86%e3%83%bc%e3%82%b7%e3%82%99%e3%83%9e%e3%83%8d%e3%82%b7%e3%82%99%e3%83%a1%e3%83%b3%e3%83%88%e6%a0%aa%e5%bc%8f%e4%bc%9a%e7%a4%be/

課題
食環境を充実させたい
従業員の健康的な食事を支援したい
社内コミュニケーションを活性化したい
決め手
食事から従業員の健康意識を上げたかった
設置型でいつでも好きなときに利用できる
効果
健康を意識する従業員が増えた
買いに行く手間が省けたことで、常に利用されている状態
「食事」を見直すきっかけに！会社全体の健康意識がアップ
一人暮らしの社員の健康が心配・・・
「OFFICE DE YASAI」を取り入れたきっかけは、
",2025-10-30 11:50:51,101〜500名
60003,ギークス株式会社,https://www.officedeyasai.jp/interview/%e3%82%ae%e3%83%bc%e3%82%af%e3%82%b9%e6%a0%aa%e5%bc%8f%e4%bc%9a%e7%a4%be/,人材サービス,1,"[""社内コミュニケーションを活性化したい"",""従業員の健康的な食事を支援したい"",""従業員満足度を上げたい""]","[""従業員エンゲージメントを向上できると感じた"",""手軽に野菜を取ることが出来、食事の選択肢を増やせると感じた""]","[""お菓子の代わりに「オフィスで野菜」を利用するなど健康に気を遣う社員が増えた""]","
## [3] 「ギークス株式会社」の導入事例 | OFFICE DE YASAI（オフィスで野菜）

**URL:** https://www.officedeyasai.jp/interview/%e3%82%ae%e3%83%bc%e3%82%af%e3%82%b9%e6%a0%aa%e5%bc%8f%e4%bc%9a%e7%a4%be/

課題
社内コミュニケーションを活性化したい
従業員の健康的な食事を支援したい
従業員満足度を上げたい
決め手
従業員エンゲージメントを向上できると感じた
手軽に野菜を取ることが出来、食事の選択肢を増やせると感じた
効果
お菓子の代わりに「オフィスで野菜」を利用するなど健康に気を遣う社員が増えた
おいしかった商品の話など、社員のコミュニケーションの活性化につながった
健康に関する意識が高まり体を動かすようになった社員もいる
間食のお菓子を野菜に変えて、健康増進！
1人暮らしや外食続き…不安だった従業員の健康管理
従業員から、食生活の改善・健康増進に関する要望が増えてきたため、
従業員満足度の向上施策として
検討したことが、OFFICE DE Y",2025-10-30 11:50:51,101〜500名
60004,コマニー株式会社,https://www.officedeyasai.jp/interview/%e3%82%b3%e3%83%9e%e3%83%8b%e3%83%bc%e6%a0%aa%e5%bc%8f%e4%bc%9a%e7%a4%be/,医療・ヘルスケア,,"[""採用を強化したい"",""食環境を充実させたい"",""従業員の健康的な食事を支援したい"",""健康経営を推進したい""]","[""健康経営の取り組みにおいて食に関する取組が無く、食事面のサポートが必要だと感じていた"",""フロア改装をきっかけに食事面でも職場環境を改善したかった"",""設置型でいつでも利用できるサービスであった""]","[""導入3ヶ月後にとったアンケートで「美味しい」「便利」という反応""]","
## [4] 「コマニー株式会社」の導入事例 | OFFICE DE YASAI（オフィスで野菜）

**URL:** https://www.officedeyasai.jp/interview/%e3%82%b3%e3%83%9e%e3%83%8b%e3%83%bc%e6%a0%aa%e5%bc%8f%e4%bc%9a%e7%a4%be/

課題
採用を強化したい
食環境を充実させたい
従業員の健康的な食事を支援したい
健康経営を推進したい
決め手
健康経営の取り組みにおいて食に関する取組が無く、食事面のサポートが必要だと感じていた
フロア改装をきっかけに食事面でも職場環境を改善したかった
設置型でいつでも利用できるサービスであった
効果
導入3ヶ月後にとったアンケートで「美味しい」「便利」という反応
採用に貢献するツールのひとつとなった
健康経営を推進する企業が選んだ福利厚生とは？
OFFICE DE YASAI（オフィスで野菜）は、サービス開始から約5年の2019年7月時点で、
累計1,300拠点以上
ものお客様に導入いただいています。
導入いただくきっかけはさまざまですが、",2025-10-30 11:50:51,"1,001名〜"
60005,トレジャーデータ株式会社,https://www.officedeyasai.jp/interview/%e3%83%88%e3%83%ac%e3%82%b8%e3%83%a3%e3%83%bc%e3%83%87%e3%83%bc%e3%82%bf%e6%a0%aa%e5%bc%8f%e4%bc%9a%e7%a4%be%e6%a7%98/,IT・テクノロジー,,"[""食環境を充実させたい"",""社内コミュニケーションを活性化したい""]","[""健康的な色の選択肢を増やすことが出来ると感じた"",""少しでも社員のコミュニケーションを増やせると感じた"",""社員が会社を好きになってもらい、ビジネスの発展に繋げたかった""]","[""食の選択肢が増えた""]","
## [5] 「トレジャーデータ株式会社」の導入事例 | OFFICE DE YASAI（オフィスで野菜）

**URL:** https://www.officedeyasai.jp/interview/%e3%83%88%e3%83%ac%e3%82%b8%e3%83%a3%e3%83%bc%e3%83%87%e3%83%bc%e3%82%bf%e6%a0%aa%e5%bc%8f%e4%bc%9a%e7%a4%be%e6%a7%98/

課題
食環境を充実させたい
社内コミュニケーションを活性化したい
決め手
健康的な色の選択肢を増やすことが出来ると感じた
少しでも社員のコミュニケーションを増やせると感じた
社員が会社を好きになってもらい、ビジネスの発展に繋げたかった
効果
食の選択肢が増えた
「オフィスで野菜」をきっかけに社員同士のコミュニケーションが増えた
社員の定着化とコミュニケーション円滑化が会社の発展に繋がる
トレジャーデータ株式会社は、日本人創業者3名がシリコンバレーで創業した会社。今は社員数が全体で165名、うち84名が日本勤務しており、またその中の半数がエンジニア",2025-10-30 11:50:51,11〜50名
60006,バレットグループ株式会社,https://www.officedeyasai.jp/interview/%e3%83%90%e3%83%ac%e3%83%83%e3%83%88%e3%82%b0%e3%83%ab%e3%83%bc%e3%83%97/,IT・テクノロジー,,"[""社内コミュニケーションを活性化したい"",""従業員の健康的な食事を支援したい""]","[""社員の健康支援とコミュニケーション促進"",""働きがいが生まれるようなきっかけを提供したい""]","[""社員から愛される福利厚生へ""]","
## [6] 「バレットグループ株式会社」の導入事例 | OFFICE DE YASAI（オフィスで野菜）

**URL:** https://www.officedeyasai.jp/interview/%e3%83%90%e3%83%ac%e3%83%83%e3%83%88%e3%82%b0%e3%83%ab%e3%83%bc%e3%83%97/

課題
社内コミュニケーションを活性化したい
従業員の健康的な食事を支援したい
決め手
社員の健康支援とコミュニケーション促進
働きがいが生まれるようなきっかけを提供したい
効果
社員から愛される福利厚生へ
野菜をきっかけに健康意識が高まった
業務では関わらない社員との交流のきっかけとなった
従業員がいきいきと働く鍵は「コミュニケーション促進」にあり
バレットグループ株式会社は「人とテクノロジーで世界をつなぐ」をビジョンに、Web広告事業や人材コンサルティング事業、グローバルソリューション事業などを多角的に展開するITベンチャー企業です。2013年の創立以来、堅調な事業成長を続けており6期目にして、社員数は130名を超えています。
オフ",2025-10-30 11:50:52,101〜500名
60007,日本マクドナルド株式会社,https://www.officedeyasai.jp/interview/%e6%97%a5%e6%9c%ac%e3%83%9e%e3%82%af%e3%83%89%e3%83%8a%e3%83%ab%e3%83%89%e6%a0%aa%e5%bc%8f%e4%bc%9a%e7%a4%be/,飲食・食品,,"[""食環境を充実させたい""]","[""安価かつ手軽に野菜を摂れる"",""旬の野菜だけでなく、無添加のフルーツやジュースなどバリエーションも多い""]","[""健康的な食事をとれるようになった""]","
## [7] 「日本マクドナルド株式会社」の導入事例 | OFFICE DE YASAI（オフィスで野菜）

**URL:** https://www.officedeyasai.jp/interview/%e6%97%a5%e6%9c%ac%e3%83%9e%e3%82%af%e3%83%89%e3%83%8a%e3%83%ab%e3%83%89%e6%a0%aa%e5%bc%8f%e4%bc%9a%e7%a4%be/

課題
食環境を充実させたい
決め手
安価かつ手軽に野菜を摂れる
旬の野菜だけでなく、無添加のフルーツやジュースなどバリエーションも多い
効果
健康的な食事をとれるようになった
ランチの際の移動の手間が省けた
従業員が輝くための環境づくりに挑む
日本マクドナルドの働き方改善ための取り組みとは
日本マクドナルド株式会社は、ハンバーガーチェーン「マクドナルド」を経営する企業。創業以来、クイックサービスレストランとしての最高の店舗体験の提供により、お客様にとって「お気に入りの食事の場とスタイルであり続けること」をミッションとしています。そして、「QSC＆V ※」をレストラ",2025-10-30 11:50:52,"1,001名〜"
60008,日東電工株式会社,https://www.officedeyasai.jp/interview/%e6%97%a5%e6%9d%b1%e9%9b%bb%e5%b7%a5%e6%a0%aa%e5%bc%8f%e4%bc%9a%e7%a4%be/,医療・ヘルスケア,,"[""社内コミュニケーションを活性化したい"",""従業員の健康的な食事を支援したい"",""健康経営を推進したい""]","[""トライアル導入時のアンケートで従業員の健康意識の変化が確認できた"",""実際に食生活の改善につながる仕組みである"",""見栄えの良さと美味しさによって継続利用が期待できること""]","[""オフィスで野菜導入後の従業員アンケートで健康意識に変化があったと3分の2以上の人が回答した""]","
## [8] 「日東電工株式会社」の導入事例 | OFFICE DE YASAI（オフィスで野菜）

**URL:** https://www.officedeyasai.jp/interview/%e6%97%a5%e6%9d%b1%e9%9b%bb%e5%b7%a5%e6%a0%aa%e5%bc%8f%e4%bc%9a%e7%a4%be/

課題
社内コミュニケーションを活性化したい
従業員の健康的な食事を支援したい
健康経営を推進したい
決め手
トライアル導入時のアンケートで従業員の健康意識の変化が確認できた
実際に食生活の改善につながる仕組みである
見栄えの良さと美味しさによって継続利用が期待できること
効果
オフィスで野菜導入後の従業員アンケートで健康意識に変化があったと3分の2以上の人が回答した
従業員の食生活改善に対して、オフィスで野菜商品を用いて具体的な提案ができるようになった/li>
「お菓子を食べる機会が減った」「お弁当にプラス一品として活用される」など、野菜や果物など健康的な商品が日常の食生活に取り入れられるようになった。
健康意識を高める施策から、働きがいと生",2025-10-30 11:50:52,"1,001名〜"
60009,株式会社インタースペース,https://www.officedeyasai.jp/interview/%e6%a0%aa%e5%bc%8f%e4%bc%9a%e7%a4%be%e3%82%a4%e3%83%b3%e3%82%bf%e3%83%bc%e3%82%b9%e3%83%9a%e3%83%bc%e3%82%b9/,小売・流通,,"[""食環境を充実させたい"",""社内コミュニケーションを活性化したい"",""従業員の健康的な食事を支援したい""]","[""一人暮らしの野菜不足を解消できると感じた"",""社員の健康サポートを取り組みたかった""]","[""野菜を手軽に摂れるようになり、野菜を以前より食べるようになったとの社員の声も多くなった""]","
## [9] 「株式会社インタースペース」の導入事例 | OFFICE DE YASAI（オフィスで野菜）

**URL:** https://www.officedeyasai.jp/interview/%e6%a0%aa%e5%bc%8f%e4%bc%9a%e7%a4%be%e3%82%a4%e3%83%b3%e3%82%bf%e3%83%bc%e3%82%b9%e3%83%9a%e3%83%bc%e3%82%b9/

課題
食環境を充実させたい
社内コミュニケーションを活性化したい
従業員の健康的な食事を支援したい
決め手
一人暮らしの野菜不足を解消できると感じた
社員の健康サポートを取り組みたかった
効果
野菜を手軽に摂れるようになり、野菜を以前より食べるようになったとの社員の声も多くなった
忙しいママ社員のエネルギー源　・社内のコミュニケ―ションや雰囲気づくりにも一役買っている
健康な食事がいつでもすぐに。
忙しいオフィスワーカーの救世主！
ひとり暮らしの野菜不足を
OFFICE DE YASAI
で
サポート！
当社では、社内全体の健康を保つために、 労働安全衛生法に基づ",2025-10-30 11:50:52,101〜500名
60010,株式会社パルディア,https://www.officedeyasai.jp/interview/%e6%a0%aa%e5%bc%8f%e4%bc%9a%e7%a4%be%e3%83%91%e3%83%ab%e3%83%87%e3%82%a3%e3%82%a2/,その他,,"[""社内コミュニケーションを活性化したい"",""従業員の健康的な食事を支援したい""]","[""社員の健康面を改善したかった"",""お菓子や菓子パンに変わる間食として利用できると思った""]","[""OFFICE DE YASAIをキッカケにコミュニケーションの輪が広がっている""]","
## [10] 「株式会社パルディア」の導入事例 | OFFICE DE YASAI（オフィスで野菜）

**URL:** https://www.officedeyasai.jp/interview/%e6%a0%aa%e5%bc%8f%e4%bc%9a%e7%a4%be%e3%83%91%e3%83%ab%e3%83%87%e3%82%a3%e3%82%a2/

課題
社内コミュニケーションを活性化したい
従業員の健康的な食事を支援したい
決め手
社員の健康面を改善したかった
お菓子や菓子パンに変わる間食として利用できると思った
効果
OFFICE DE YASAIをキッカケにコミュニケーションの輪が広がっている
お菓子に代わる間食として、またお弁当のプラス1品として活用している社員が多い
「働きがいのある会社」ランキング2年連続選出！その強みは？
スナック菓子に、菓子パン…社員の健康面が心配！
当社で働いている社員は比較的若いメンバーが多いのですが、社員たちを見て気になっていたのが「間食」。
スナック菓子や菓子パンを食べている社員の姿を見て「この食生活で健康面は大丈夫だろうか…",2025-10-30 11:50:53,51名〜100名
60011,株式会社プレスマン,https://www.officedeyasai.jp/interview/%e6%a0%aa%e5%bc%8f%e4%bc%9a%e7%a4%be%e3%83%97%e3%83%ac%e3%82%b9%e3%83%9e%e3%83%b3/,IT・テクノロジー,,"[""食環境を充実させたい"",""従業員の健康的な食事を支援したい"",""健康経営を推進したい""]","[""カップ麺・菓子の食事補助をしていたが「健康的な食事」の要望があった"",""心身ともに働きやすい環境を作れると感じた""]","[""社員の健康・野菜を食べることへの意識が変化した""]","
## [11] 「株式会社プレスマン」の導入事例 | OFFICE DE YASAI（オフィスで野菜）

**URL:** https://www.officedeyasai.jp/interview/%e6%a0%aa%e5%bc%8f%e4%bc%9a%e7%a4%be%e3%83%97%e3%83%ac%e3%82%b9%e3%83%9e%e3%83%b3/

課題
食環境を充実させたい
従業員の健康的な食事を支援したい
健康経営を推進したい
決め手
カップ麺・菓子の食事補助をしていたが「健康的な食事」の要望があった
心身ともに働きやすい環境を作れると感じた
効果
社員の健康・野菜を食べることへの意識が変化した
ジャンクフードを食べる機会が減った
創業87年目の老舗企業がベンチャーマインドを持ち続けるためにやっていること
株式会社プレスマンの2018年は、WordPress、自社メディア、自社ECの領域で、18のプロジェクトに取組み中です。
当社がインターネットに係わった1993年、Google,amazon,facebookは存在せず、appleはパソコン会社でした。そんな未",2025-10-30 11:50:53,11〜50名
60012,株式会社プログデンス,https://www.officedeyasai.jp/interview/%e6%a0%aa%e5%bc%8f%e4%bc%9a%e7%a4%be%e3%83%97%e3%83%ad%e3%82%b0%e3%83%87%e3%83%b3%e3%82%b9/,IT・テクノロジー,,"[""採用を強化したい"",""従業員満足度を上げたい""]","[""導入することで会社を好きになってもらえそうと感じた""]","[""リモートワークを推奨しているためオフィスに数名しかいない中、高い利用率""]","
## [12] 「株式会社プログデンス」の導入事例 | OFFICE DE YASAI（オフィスで野菜）

**URL:** https://www.officedeyasai.jp/interview/%e6%a0%aa%e5%bc%8f%e4%bc%9a%e7%a4%be%e3%83%97%e3%83%ad%e3%82%b0%e3%83%87%e3%83%b3%e3%82%b9/

課題
採用を強化したい
従業員満足度を上げたい
決め手
導入することで会社を好きになってもらえそうと感じた
効果
リモートワークを推奨しているためオフィスに数名しかいない中、高い利用率
採用のアピールポイントにもできている
働きやすい環境づくりにOFFICE DE YASAIを活用！採用のアピールポイントにも
今回は、2006年設立、従業員数約200名の「株式会社プログデンス」様へお話を伺いました！
株式会社プログデンスは、独立系のインテグレーターに部類される、ITコンサルティングの会社です
。
ネットワークエンジニアとシステムエンジニアの大きく2種類のスタッフが在籍しており、オフィスを利用する人数は",2025-10-30 11:50:53,101〜500名
60013,株式会社マッチングエージェント,https://www.officedeyasai.jp/interview/%e6%a0%aa%e5%bc%8f%e4%bc%9a%e7%a4%be%e3%83%9e%e3%83%83%e3%83%81%e3%83%b3%e3%82%b0%e3%82%a8%e3%83%bc%e3%82%b8%e3%82%a7%e3%83%b3%e3%83%88/,飲食・食品,,"[""社内コミュニケーションを活性化したい"",""従業員の健康的な食事を支援したい""]","[""置き菓子サービスを導入していたが、健康に不安があった"",""女性社員がメインのため、美容と健康に良いものが欲しかった"",""日常で不足しがちな野菜を取ることができる""]","[""毎日の社員の食生活に変化があった""]","
## [13] 「株式会社マッチングエージェント」の導入事例 | OFFICE DE YASAI（オフィスで野菜）

**URL:** https://www.officedeyasai.jp/interview/%e6%a0%aa%e5%bc%8f%e4%bc%9a%e7%a4%be%e3%83%9e%e3%83%83%e3%83%81%e3%83%b3%e3%82%b0%e3%82%a8%e3%83%bc%e3%82%b8%e3%82%a7%e3%83%b3%e3%83%88/

課題
社内コミュニケーションを活性化したい
従業員の健康的な食事を支援したい
決め手
置き菓子サービスを導入していたが、健康に不安があった
女性社員がメインのため、美容と健康に良いものが欲しかった
日常で不足しがちな野菜を取ることができる
効果
毎日の社員の食生活に変化があった
社員が食生活について考えるきっかけになった
”タップル誕生”を支える”タップリ野菜”で健康オフィス！
食べているのに美しい！女性社員の“美”を支えるOFFICE DE YASAI
ちょうど今から1年前頃から女性社員が増え始めまし",2025-10-30 11:50:53,51名〜100名
60014,株式会社マルケト,https://www.officedeyasai.jp/interview/%e6%a0%aa%e5%bc%8f%e4%bc%9a%e7%a4%be%e3%83%9e%e3%83%ab%e3%82%b1%e3%83%88/,IT・テクノロジー,,"[""食環境を充実させたい"",""社内コミュニケーションを活性化したい"",""従業員満足度を上げたい""]","[""食べ物をつまみながら、気軽に話せるカルチャーを作りたかった"",""持ち運びが出来て、お菓子と違い健康的にも安心できた""]","[""実際に社員が商品を手にとりコミュニケーションの場となった""]","
## [14] 「株式会社マルケト」の導入事例 | OFFICE DE YASAI（オフィスで野菜）

**URL:** https://www.officedeyasai.jp/interview/%e6%a0%aa%e5%bc%8f%e4%bc%9a%e7%a4%be%e3%83%9e%e3%83%ab%e3%82%b1%e3%83%88/

課題
食環境を充実させたい
社内コミュニケーションを活性化したい
従業員満足度を上げたい
決め手
食べ物をつまみながら、気軽に話せるカルチャーを作りたかった
持ち運びが出来て、お菓子と違い健康的にも安心できた
効果
実際に社員が商品を手にとりコミュニケーションの場となった
社員同士で健康についてディスカッションする場が増えた
実際に健康についてのディスカッションも！
コミュニケーション促進を実現
株式会社マルケト
は世界6000社が採用するエンゲージメントプラットフォームを提供するIT企業です。
マルケトが提供しているエンゲージメントプラットフォームは、「エンゲージメント」を軸に、マーケティングと営業を連携し、効果的な営業活動を支援するソリ",2025-10-30 11:50:53,101〜500名
60015,株式会社ムーブ,https://www.officedeyasai.jp/interview/%e6%a0%aa%e5%bc%8f%e4%bc%9a%e7%a4%be%e3%83%a0%e3%83%bc%e3%83%96/,IT・テクノロジー,,"[""食環境を充実させたい""]","[""野菜やフルーツが健康的"",""作業の邪魔にならず食べられる""]","[""リフレッシュ方法として人気""]","
## [15] 「株式会社ムーブ」の導入事例 | OFFICE DE YASAI（オフィスで野菜）

**URL:** https://www.officedeyasai.jp/interview/%e6%a0%aa%e5%bc%8f%e4%bc%9a%e7%a4%be%e3%83%a0%e3%83%bc%e3%83%96/

課題
食環境を充実させたい
決め手
野菜やフルーツが健康的
作業の邪魔にならず食べられる
効果
リフレッシュ方法として人気
業務効率アップに繋がっていると感じている
生産性向上の鍵は、野菜＆フルーツでリフレッシュ！
気分転換に何か食べたい！ でもお菓子ばかりでは罪悪感…
当社はシステム開発会社で、スタッフのほとんどがプログラマです。仕事をするなかで少し小腹が空いた場合、
今まではお菓子を食べていましたが、ほぼデスクから動かずに仕事をするプログラマの健康を考え、「OFFICE DE YASAI 」を導入
しました。
OFFICE DE YASAI は
野菜やフルーツが食べやすくカットされているため、作業の邪魔にならず食べられるうえ
、お菓子より健康的ということで",2025-10-30 11:50:54,5〜10名
60016,株式会社山崎組,https://www.officedeyasai.jp/interview/%e6%a0%aa%e5%bc%8f%e4%bc%9a%e7%a4%be%e5%b1%b1%e5%b4%8e%e7%b5%84/,製造・建設,1,"[""食環境を充実させたい"",""社内コミュニケーションを活性化したい"",""従業員の健康的な食事を支援したい""]","[""休憩スペースを作り、コミュニケーションの場に活用できると感じた"",""小腹を満たせて、健康的であり会社の福利厚生として支援出来るサービスだった""]","[""食の福利厚生に力を入れることで採用の差別化ポイントになった""]","
## [16] 「株式会社山崎組」の導入事例 | OFFICE DE YASAI（オフィスで野菜）

**URL:** https://www.officedeyasai.jp/interview/%e6%a0%aa%e5%bc%8f%e4%bc%9a%e7%a4%be%e5%b1%b1%e5%b4%8e%e7%b5%84/

課題
食環境を充実させたい
社内コミュニケーションを活性化したい
従業員の健康的な食事を支援したい
決め手
休憩スペースを作り、コミュニケーションの場に活用できると感じた
小腹を満たせて、健康的であり会社の福利厚生として支援出来るサービスだった
効果
食の福利厚生に力を入れることで採用の差別化ポイントになった
業務上、会社の外に出れない社員の食事を担保できるようになった
社員のコミュニケーションが活性化した
従業員の食の課題を企業が解決！健康を支える福利厚生
従業員の野菜不足など、食生活への課題を感じる企業に多くご利用いただいているOFFICE DE YASAI（オフィスで野菜）ですが、ラインナップされる商品は男女問わず好評をいただいています。
今回インタビュ",2025-10-30 11:50:54,11〜50名
60017,株式会社JACリクルートメント,https://www.officedeyasai.jp/interview/%e6%a0%aa%e5%bc%8f%e4%bc%9a%e7%a4%bejac%e3%83%aa%e3%82%af%e3%83%ab%e3%83%bc%e3%83%88%e3%83%a1%e3%83%b3%e3%83%88/,金融,,"[""従業員の健康的な食事を支援したい"",""健康経営を推進したい""]","[""社内で手軽に野菜などの健康的な食事ができることで社員の健康診断結果の課題を解決"",""調理不要で導入コストも抑えられること""]","[""健康診断結果の課題を受けて導入したことで、社員の健康に対する意識が高まった""]","
## [17] 「株式会社JACリクルートメント」の導入事例 | OFFICE DE YASAI（オフィスで野菜）

**URL:** https://www.officedeyasai.jp/interview/%e6%a0%aa%e5%bc%8f%e4%bc%9a%e7%a4%bejac%e3%83%aa%e3%82%af%e3%83%ab%e3%83%bc%e3%83%88%e3%83%a1%e3%83%b3%e3%83%88/

課題
従業員の健康的な食事を支援したい
健康経営を推進したい
決め手
社内で手軽に野菜などの健康的な食事ができることで社員の健康診断結果の課題を解決
調理不要で導入コストも抑えられること
効果
健康診断結果の課題を受けて導入したことで、社員の健康に対する意識が高まった
調理不要で、社内でヘルシーな商品を手軽に食べられるようになり、健康的な食習慣の形成に繋がった。
社員に好評で導入拠点が全国4拠点に広がり、より多くの社員が健康的な食事をとれるようになった。
社内喫煙率0% – ホワイト500受賞の人材紹介会社が挑む社員の健康増進のための取り組みとは
株",2025-10-30 11:50:54,"501〜1,000名"
60018,株式会社WOWOW,https://www.officedeyasai.jp/interview/%e6%a0%aa%e5%bc%8f%e4%bc%9a%e7%a4%bewowow/,金融,,"[""食環境を充実させたい"",""従業員の健康的な食事を支援したい"",""健康経営を推進したい""]","[""経済産業省主催の「健康経営度調査」の結果の数値が想定よりも良くなかった"",""「いつでも」「誰でも」「手軽に」利用できる健康的な福利厚生だと、魅力に感じた。""]","[""天気が悪い日にわざわざオフィスを出ることなく食事ができる""]","
## [18] 「株式会社WOWOW」の導入事例 | OFFICE DE YASAI（オフィスで野菜）

**URL:** https://www.officedeyasai.jp/interview/%e6%a0%aa%e5%bc%8f%e4%bc%9a%e7%a4%bewowow/

課題
食環境を充実させたい
従業員の健康的な食事を支援したい
健康経営を推進したい
決め手
経済産業省主催の「健康経営度調査」の結果の数値が想定よりも良くなかった
「いつでも」「誰でも」「手軽に」利用できる健康的な福利厚生だと、魅力に感じた。
効果
天気が悪い日にわざわざオフィスを出ることなく食事ができる
女性社員から「旬の食べ物がオフィスにあるのは嬉しい」という声があった
届く商品がヘルシーなものばかりなので外食より罪悪感がない
WOWOW健康経営チームが選んだ“自社にフィットする施策”はOFFICE DE YASAI
従業員満足度を向上するための打ち手のひとつである福利厚生。社員食堂からジムの費用支援制度、レジャー施設の優待券など、あまりにも種類が多すぎて、自社にフィットした福利厚生を選ぶ方法が",2025-10-30 11:50:54,101〜500名
60019,矢作建設工業株式会社,https://www.officedeyasai.jp/interview/%e7%9f%a2%e4%bd%9c%e5%bb%ba%e8%a8%ad%e5%b7%a5%e6%a5%ad%e6%a0%aa%e5%bc%8f%e4%bc%9a%e7%a4%be/,製造・建設,,"[""社内コミュニケーションを活性化したい"",""従業員の健康的な食事を支援したい""]","[""コミュニケーションの交流の場に活用できると感じた"",""食事面から健康を意識するきっかけづくりになると感じた"",""健康的な野菜やフルーツなどに魅力に感じた""]","[""リフレッシュスペースの利用増加・納品前日に冷蔵庫が空になるほど好評""]","
## [19] 「矢作建設工業株式会社」の導入事例 | OFFICE DE YASAI（オフィスで野菜）

**URL:** https://www.officedeyasai.jp/interview/%e7%9f%a2%e4%bd%9c%e5%bb%ba%e8%a8%ad%e5%b7%a5%e6%a5%ad%e6%a0%aa%e5%bc%8f%e4%bc%9a%e7%a4%be/

課題
社内コミュニケーションを活性化したい
従業員の健康的な食事を支援したい
決め手
コミュニケーションの交流の場に活用できると感じた
食事面から健康を意識するきっかけづくりになると感じた
健康的な野菜やフルーツなどに魅力に感じた
効果
リフレッシュスペースの利用増加・納品前日に冷蔵庫が空になるほど好評
これまで接点のなかった部署の人とコミュニケーションをとる場になりつつあり、OFFICE DE YASAIがコミュニケーション材料になっている
アフターコロナを見据えた”交流の場”づくりを支える福利厚生とは？
健康経営やアフターコロナを見据えて、再度社員の食に向き合う企業が増えています。
今回インタビュ",2025-10-30 11:50:55,101〜500名
60020,医療法人社団せいおう会 鶯谷健診センター,https://www.officedeyasai.jp/interview/%e9%b6%af%e8%b0%b7%e5%81%a5%e8%a8%ba%e3%82%bb%e3%83%b3%e3%82%bf%e3%83%bc%e6%a7%98/,医療・ヘルスケア,,"[""食環境を充実させたい"",""社内コミュニケーションを活性化したい"",""健康経営を推進したい""]","[""健康経営の取り組みの一貫として活用できると感じた"",""商品が健康的で、種類が多かった""]","[""意識的に食事に野菜を取り入れる社員が増えた""]","
## [20] 「医療法人社団せいおう会 鶯谷健診センター」の導入事例 | OFFICE DE YASAI（オフィスで野菜）

**URL:** https://www.officedeyasai.jp/interview/%e9%b6%af%e8%b0%b7%e5%81%a5%e8%a8%ba%e3%82%bb%e3%83%b3%e3%82%bf%e3%83%bc%e6%a7%98/

課題
食環境を充実させたい
社内コミュニケーションを活性化したい
健康経営を推進したい
決め手
健康経営の取り組みの一貫として活用できると感じた
商品が健康的で、種類が多かった
効果
意識的に食事に野菜を取り入れる社員が増えた
社員のコミュニケーションのきっかけになっている
「ホワイト500」認定の医療機関が健康経営を目指す理由
ホワイト500(健康経営優良法人)を五つ星評価で獲得！
東京都鶯谷で、人間ドックを始めとした健康診断サービスを提供している、医療法人社団せいおう会 鶯谷健診センター。
鶯谷健診センターでは、
「予防医療現場で働く医療従事者こそ、心身ともに健康で、笑顔で働くことのできる職場で",2025-10-30 11:50:55,51名〜100名
60021,株式会社エイ・エム・シィ,https://www.officedeyasai.jp/interview/amc-inc/,製造・建設,50,[],[],[],"
## [21] 「株式会社エイ・エム・シィ」の導入事例 | OFFICE DE YASAI（オフィスで野菜）

**URL:** https://www.officedeyasai.jp/interview/amc-inc/

働く環境によっては、近くに飲食店やコンビニがなく、ランチタイムに困ってしまうことがあります。そんな状況では、従業員が自らお弁当を用意するしかなく、忙しい朝に手間がかかってしまうのが現実です。また、業務の都合上、休憩時間をまとめて1時間確保できない会社も少なくありません。このような場合、短い時間でサッと食事を済ませられる環境が求められます。
今回は、そんな悩みを抱えていた株式会社エイ・エム・シィにインタビューを実施。実際にOFFICE DE YASAI（オフィスで野菜）の導入を検討するに至った背景や、導入前に感じていた課題、そして導入後に現れた変化や従業員からの反響について、詳しくお話を伺いました。
食事環境を見直すことは、従業員満足度や業務効率にも直結する重要なテーマです。
株式会社エイ・エム・シィがどのような課題を乗り越え、どのような効果を実感したのか、その",2025-10-30 11:50:55,11〜50名
60022,アパグループ株式会社,https://www.officedeyasai.jp/interview/apahotel/,不動産,2,"[""コミュニケーション活性化"",""健康経営への取り組み"",""食環境の充実""]","[""保存が利く冷凍食品の取り扱いや豊富なラインナップ、導入のしやすさが決め手となり、全国223拠点という大規模な導入を決定。""]","[""導入後は高い利用率を誇っている。""]","
## [22] 「アパグループ株式会社」の導入事例 | OFFICE DE YASAI（オフィスで野菜）

**URL:** https://www.officedeyasai.jp/interview/apahotel/

課題
コミュニケーション活性化
健康経営への取り組み
食環境の充実
決め手
保存が利く冷凍食品の取り扱いや豊富なラインナップ、導入のしやすさが決め手となり、全国223拠点という大規模な導入を決定。
効果
導入後は高い利用率を誇っている。
従業員の健康
満足度・チームの一体感を同時に高める、ホテル業に適した福利厚生として好評。
全国の「アパホテル」を運営するアパグループにて、この度
全国
223
拠点（2025年4月4日時点）
にOFFICE DE YASAI（オフィスで野菜）のサービスを導入いただきました。
これほどまでの大規模な導入はOFFICE DE YASAIとしても初となりますが、アパグループがこのような大規模導入に踏み切った背景には、どのような課題があったのでしょうか。
アパグループで働く従業員の抱える悩みと、導入の背景、そして導入後の変化について、詳",2025-10-30 11:50:55,101〜500名
60023,アパホテル＆リゾート〈東京ベイ幕張〉,https://www.officedeyasai.jp/interview/apahotel_makuhari/,飲食・食品,,"[""仕事中のリフレッシュ"",""健康経営への取り組み"",""食環境の充実""]","[""福利厚生として、外出せずに食事を購入できる手段として導入。""]","[""栄養バランスの良いメニューによって、日々の食事の質が向上。""]","
## [23] 「アパホテル＆リゾート〈東京ベイ幕張〉」の導入事例 | OFFICE DE YASAI（オフィスで野菜）

**URL:** https://www.officedeyasai.jp/interview/apahotel_makuhari/

課題
仕事中のリフレッシュ
健康経営への取り組み
食環境の充実
決め手
福利厚生として、外出せずに食事を購入できる手段として導入。
効果
栄養バランスの良いメニューによって、日々の食事の質が向上。
移動や着替えの手間がなくなり、休憩時間を有効に使えるように。
従業員同士のコミュニケーション促進にもつながっている。
アパホテルネットワークとして全国最大の922ホテル・131,324室（2025年4月4日時点、建築・設計中、海外、FC、アパ直参画ホテルを含む)を展開するアパグループ。
その中でも、JR京葉線｢海浜幕張駅」にほど近い場所に建つ、アパホテル＆リゾート〈東京ベイ幕張〉にインタビューを実施しました。
同社では、昼食のために日常的にコンビニを利用しており、それによる健康への不安を感じていました。
また、勤務中は制服着用という状",2025-10-30 11:50:55,101〜500名
60024,ブロードマインド株式会社,https://www.officedeyasai.jp/interview/b-minded/,不動産,40,[],[],[],"
## [24] 「ブロードマインド株式会社」の導入事例 | OFFICE DE YASAI（オフィスで野菜）

**URL:** https://www.officedeyasai.jp/interview/b-minded/

SNSマーケティングやコンサルティングなど、スピード感と柔軟性が求められる現場では、従業員のライフスタイルや健康管理にも新たな工夫が必要になっています。特に若い従業員の多い企業では、偏った食生活への課題を抱えるケースも少なくありません。
今回は、金融コンサルティングを中心に全国で事業を展開するブロードマインド株式会社にインタビューを実施しました。
新卒採用が活発で、若手従業員が多く在籍する同社が「OFFICE DE YASAI（オフィスで野菜）」を導入した背景や、導入後に感じたリアルな変化について詳しくお話を伺いました。
ブロードマインド株式会社にインタビュー
―まずは、御社の事業や従業員構成について教えてください。
弊社は、保険や住宅ローン、証券、不動産といった金融分野を横断的に扱う金融コンサルティング企業です。
東京本社をはじめ、大阪・名古屋・金沢・福岡",2025-10-30 11:50:56,101〜500名
60025,ベルフェイス株式会社,https://www.officedeyasai.jp/interview/bellface/,IT・テクノロジー,40,"[""食環境を充実させたい"",""社内コミュニケーションを活性化したい""]","[""健康的な食事をオフィスで手軽に取ることが出来る"",""野菜を摂取することにまず、重点を置いていた""]","[""もともと昼食でカップラーメンばかりを食べていた従業員も、積極的に野菜を食べるようになった""]","
## [25] 「ベルフェイス株式会社」の導入事例 | OFFICE DE YASAI（オフィスで野菜）

**URL:** https://www.officedeyasai.jp/interview/bellface/

課題
食環境を充実させたい
社内コミュニケーションを活性化したい
決め手
健康的な食事をオフィスで手軽に取ることが出来る
野菜を摂取することにまず、重点を置いていた
効果
もともと昼食でカップラーメンばかりを食べていた従業員も、積極的に野菜を食べるようになった
「オフィスで野菜」をきっかけにコミュニケーションの量が増えた
OFFICE DE YASAI活用法 & コロナ禍の働き方支援とは？
1,900拠点以上の導入実績（2020年9月時点）を持つOFFICE DE YASAI（オフィスで野菜）。
今回は導入企業のひとつであるベルフェイス株式会社に、サービス利用についてのインタビューを実施すべく、本社オフィスのある渋谷スクランブルスクエアを訪れました。
ベルフェイス株式会社では、1年半ほど前からOFFICE DE YASAI（オフィスで野菜）を利用いただいています",2025-10-30 11:50:56,101〜500名
60026,Blessing,https://www.officedeyasai.jp/interview/blessing/,飲食・食品,,"[""食環境を充実させたい""]","[""欠食を避けることに効果的"",""試食セットが美味しかったため"",""商談から契約に至るまでの対応の良さ""]","[""簡単に合間に食事を取ることができるようになった""]","
## [26] 「Blessing」の導入事例 | OFFICE DE YASAI（オフィスで野菜）

**URL:** https://www.officedeyasai.jp/interview/blessing/

課題
食環境を充実させたい
決め手
欠食を避けることに効果的
試食セットが美味しかったため
商談から契約に至るまでの対応の良さ
効果
簡単に合間に食事を取ることができるようになった
既製品をアレンジして食べるという楽しみ方や選択肢も広がった
今回インタビューをさせていただいたのは、料理研究家であり「Blessing（ブリージング）」の代表を務める岩本友恵様と、「ハラグチ　ル・レストラン」オーナーシェフの原口広様です。
現在、Blessingの岩本様が導入されたOFFICE DE YASAI（オフィスで野菜）を、同じビルにテナントを構える原口様、そして同ビルでパーソナルトレーニングジムを営業する堀様を加えた3社にて共同で利用しておられます。
「食」という仕事に関わる岩本様、原口様の目には、OFFICE DE YASAIはどのように映るのでしょうか？
詳しくお伺いしてい",2025-10-30 11:50:56,5〜10名
60027,ブルースクレイ・ジャパン株式会社,https://www.officedeyasai.jp/interview/bruceclay/,IT・テクノロジー,78,[],[],[],"
## [27] 「ブルースクレイ・ジャパン株式会社」の導入事例 | OFFICE DE YASAI（オフィスで野菜）

**URL:** https://www.officedeyasai.jp/interview/bruceclay/

SEOコンサルティングとWeb広告運用を中心に、企業のWebマーケティング戦略立案から実行・改善まで一貫して支援するブルースクレイ・ジャパン株式会社。同社では、スタッフの方々の食事がコンビニや外食中心になっており、栄養バランスの偏りに不安がありました。
今回は、同社が「OFFICE DE YASAI（オフィスで野菜）」の導入に至った背景や、企業として抱えてきた課題感、そして導入によって生まれた効果について、詳しくお話を伺いました。
ブルースクレイ・ジャパン株式会社にインタビュー
ー 会社の事業内容について教えてください。
当社は、広告運用やSEO、クリエイティブ制作など、マーケティング領域を広くカバーしています。米国のグローバルWebマーケティングコンサルティング企業であるBruce Clay Inc（BCI）の日本法人として2008年に設立されま",2025-10-30 11:50:56,51名〜100名
60028,ココカラ 本厚木店（人の森株式会社）,https://www.officedeyasai.jp/interview/cocokara/,飲食・食品,10,"[""食環境を充実させたい"",""従業員の健康的な食事を支援したい""]","[""体作りの指導をするうえで、スタッフの「食事」も正しくしたかった"",""お腹を満たせるもので、かつ健康にも良いものを常備したかった""]","[""コンビニで購入するより安く、カロリーも抑えられる""]","
## [28] 「ココカラ 本厚木店（人の森株式会社）」の導入事例 | OFFICE DE YASAI（オフィスで野菜）

**URL:** https://www.officedeyasai.jp/interview/cocokara/

課題
食環境を充実させたい
従業員の健康的な食事を支援したい
決め手
体作りの指導をするうえで、スタッフの「食事」も正しくしたかった
お腹を満たせるもので、かつ健康にも良いものを常備したかった
効果
コンビニで購入するより安く、カロリーも抑えられる
健康的なご飯を購入できる場所を確保できた
運動前後のエネルギー補給にも！
ジムスタッフの健康を支える食事補助
「OFFICE DE YASAI（オフィスで野菜）」を導入いただく企業には、「従業員の健康」について少なからず課題を抱えていることが多くあります。
今回インタビューを行わせていただいた「ココカラ 本厚木店」でも、フィットネスクラブスタッフの食生活や健康意識を変えたいという思いから、「OFFICE DE YASAI（オフィスで野菜）」を導入いただきました。
「ココカラ 本厚木店」では、社員だけで",2025-10-30 11:50:57,51名〜100名
60029,コーナン建設株式会社,https://www.officedeyasai.jp/interview/cohnan/,製造・建設,,[],[],[],"
## [29] 「コーナン建設株式会社」の導入事例 | OFFICE DE YASAI（オフィスで野菜）

**URL:** https://www.officedeyasai.jp/interview/cohnan/

このコンテンツはパスワードで保護されています。閲覧するには以下にパスワードを入力してください。
パスワード:
",2025-10-30 11:50:57,101〜500名
60030,コスモスイニシアグループ健康保険組合,https://www.officedeyasai.jp/interview/cosmosinitia/,医療・ヘルスケア,,"[""従業員の健康的な食事を支援したい""]","[""手軽に選べて継続的に利用できる健康的な食の選択肢として最適だと考えた"",""商品へのこだわり"",""あああああああ""]","[""おにぎり＋お惣菜＋「オフィスで野菜」のサラダなどプラス1品でコスパよく栄養あるものを摂ることができるようになった""]","
## [30] 「コスモスイニシアグループ健康保険組合」の導入事例 | OFFICE DE YASAI（オフィスで野菜）

**URL:** https://www.officedeyasai.jp/interview/cosmosinitia/

課題
従業員の健康的な食事を支援したい
決め手
手軽に選べて継続的に利用できる健康的な食の選択肢として最適だと考えた
商品へのこだわり
あああああああ
効果
おにぎり＋お惣菜＋「オフィスで野菜」のサラダなどプラス1品でコスパよく栄養あるものを摂ることができるようになった
サラダ、果物、スムージーのみなど企業で自由に注文内容を決めることができる
従業員が健康的な食の選択肢を意識し、正しい知識を身につけるきっかけになった
働き方改革の一環で”食による健康サポート”を導入！
その内容とは？
多くの企業で働き方改革が推進される中、従業員の健康管理を企業がサポートする動きが活発になってきました。中でも「食事」による健康サポートを実施し、従業員の健康と満足度の向上に取り組む企業が増えています。
今回お話を伺ったコスモスイニシアグループ健康保険組合も、",2025-10-30 11:50:57,"501〜1,000名"
60031,株式会社ドクタ―トラスト,https://www.officedeyasai.jp/interview/doctor-trust/,IT・テクノロジー,,"[""食環境を充実させたい"",""従業員の健康的な食事を支援したい"",""健康経営を推進したい""]","[""社内調査の結果、朝食欠食率が高さが判明し、繁忙期の残業時間にはカップ麺の利用する姿が目立っていた。"",""栄養価が計算されており、なおかつ体に良いものを提供しようと考えた。""]","[""カップ麺などの利用がなくなり、燻製卵や味付け卵、飲むヨ―グルトなどを利用するようになった""]","
## [31] 「株式会社ドクタ―トラスト」の導入事例 | OFFICE DE YASAI（オフィスで野菜）

**URL:** https://www.officedeyasai.jp/interview/doctor-trust/

課題
食環境を充実させたい
従業員の健康的な食事を支援したい
健康経営を推進したい
決め手
社内調査の結果、朝食欠食率が高さが判明し、繁忙期の残業時間にはカップ麺の利用する姿が目立っていた。
栄養価が計算されており、なおかつ体に良いものを提供しようと考えた。
効果
カップ麺などの利用がなくなり、燻製卵や味付け卵、飲むヨ―グルトなどを利用するようになった
「タンパク質」「カロリ―」など商品を見ながら栄養素の話をしたり、食にとどまらず、健康そのものへの関心が高まってきていると感じた
「福利厚生を使って従業員の健康を」と考える企業は少なくないでしょう。しかし、何から始めれば良いかと悩むことも多いはずです。
今回お話を伺った株式会社ドクタ―トラストは、
企業の健康経営を推進する役割を担っている会社
です。
さまざまな企業に健康経営のアドバイスを行っている株式",2025-10-30 11:50:57,
60032,イーライン矯正歯科,https://www.officedeyasai.jp/interview/e-line_dentalclinic/,医療・ヘルスケア,,"[""食環境を充実させたい"",""従業員満足度を上げたい""]","[""栄養バランス良く、しっかりとした食事が摂れる"",""忙しい日や雨の日に着替えて外出する必要がない""]","[""昼食を持ってくる手間が省けたり、昼食に一品プラスしたりと食事の選択肢が広がった""]","
## [32] 「イーライン矯正歯科」の導入事例 | OFFICE DE YASAI（オフィスで野菜）

**URL:** https://www.officedeyasai.jp/interview/e-line_dentalclinic/

課題
食環境を充実させたい
従業員満足度を上げたい
決め手
栄養バランス良く、しっかりとした食事が摂れる
忙しい日や雨の日に着替えて外出する必要がない
効果
昼食を持ってくる手間が省けたり、昼食に一品プラスしたりと食事の選択肢が広がった
制服を着替えて外に出る必要がなく、天候が悪い時もレンジでチンすればそのまま食べられるので喜ばれている
クリニックこそ健康管理！手間いらず、広がる「食」の選択肢
栄養バランスのよい食事をとって欲しい…
お昼の休憩時に衛生士や他の従業員が食べている食事を見ていると、栄養バランスがよくなさそうな食事をしているように思いました。せっかくであれば、しっかりとした食事を摂って欲しいと思い、「オフィスでごはん」プランの導入を決めました。「オフィスでごはん」プランは、
お惣菜やごはんが届くので、栄養バランス良く、しっかりとし",2025-10-30 11:50:57,5〜10名
60033,千里中央花ふさ皮ふ科,https://www.officedeyasai.jp/interview/hanafusa-hifuka/,医療・ヘルスケア,,"[""食環境を充実させたい"",""従業員の健康的な食事を支援したい"",""従業員満足度を上げたい""]","[""野菜や果物などヘルシーな食生活ができること"",""コンビニで買うよりも安く、持参したお弁当にプラス一品という利用の仕方もでき、食の偏りが改善されているように感じたこと""]","[""ヘルシーな食事になり、食の偏りが改善された""]","
## [33] 「千里中央花ふさ皮ふ科」の導入事例 | OFFICE DE YASAI（オフィスで野菜）

**URL:** https://www.officedeyasai.jp/interview/hanafusa-hifuka/

課題
食環境を充実させたい
従業員の健康的な食事を支援したい
従業員満足度を上げたい
決め手
野菜や果物などヘルシーな食生活ができること
コンビニで買うよりも安く、持参したお弁当にプラス一品という利用の仕方もでき、食の偏りが改善されているように感じたこと
効果
ヘルシーな食事になり、食の偏りが改善された
ホワイト企業認証の取得のポイントにつながった
従業員のコミュニケーション活性化につながった
医療関係の仕事など、利用者の健康を考える職種の方にとって、
「従業員の健康」
を等しく大切にする経営者は少なくありません。
今回インタビューを実施した「千里中央花ふさ皮ふ科」でも、従業員に健康であって欲しいという思いから、福利厚生によるサポートを検討されていました。
数あるサービスの中から、OFFICE DE YASAI（オフィスで野菜）を選んだ理由はなんだ",2025-10-30 11:50:58,11〜50名
60034,株式会社阪急交通社,https://www.officedeyasai.jp/interview/hankyu-travel/,飲食・食品,0,[],[],"[""— 実際に導入してみて、社内の反応はいかがでしたか？""]","
## [34] 「株式会社阪急交通社」の導入事例 | OFFICE DE YASAI（オフィスで野菜）

**URL:** https://www.officedeyasai.jp/interview/hankyu-travel/

健康経営を導入する企業が増える中、「何から始めればよいのか？」と悩む方も多くいらっしゃいます。そんな中、今回お話を伺ったのは、全国の主要都市に事業所を構える大手旅行会社・阪急交通社です。
ツアーやクルーズなど、多彩な旅の提案を手がける同社では、コロナ禍を経て従業員の働き方や食生活に対する意識も変化してきたそうです。その結果、新たに導入されたのが、「OFFICE DE YASAI（オフィスで野菜）」です。健康経営を推進する同社は、どのような理由でOFFICE DE YASAIの導入に至ったのでしょうか。
今回は、導入のきっかけから実際の利用状況、そして今後の期待まで、担当の方にたっぷりお話を伺いました。
株式会社阪急交通社にインタビュー
— まずは会社の概要について教えてください。
弊社は阪急阪神ホールディングスグループの一員で、国内・海外問わず様々なツア",2025-10-30 11:50:58,101〜500名
60035,阪急阪神不動産株式会社,https://www.officedeyasai.jp/interview/hankyu_hanshin/,不動産,800,"[""食環境を充実させたい"",""社内コミュニケーションを活性化したい"",""健康経営を推進したい""]","[""グループ会社全体での健康経営へ取り組むことになり手軽に健康的な食事が摂れると思った"",""外食するにもランチタイムは混みあってしまうため、その問題も解消できる""]","[""健康経営優良法人を取得""]","
## [35] 「阪急阪神不動産株式会社」の導入事例 | OFFICE DE YASAI（オフィスで野菜）

**URL:** https://www.officedeyasai.jp/interview/hankyu_hanshin/

課題
食環境を充実させたい
社内コミュニケーションを活性化したい
健康経営を推進したい
決め手
グループ会社全体での健康経営へ取り組むことになり手軽に健康的な食事が摂れると思った
外食するにもランチタイムは混みあってしまうため、その問題も解消できる
効果
健康経営優良法人を取得
リフレッシュルームの利用率UP
従業員が野菜不足を意識するように
健康経営を推進する企業に導入されることも多く、従業員の健康意識改革のきっかけ作りとしてOFFICE DE YASAI（オフィスで野菜）を導入いただくケースも増えてきました。
そこで今回は、OFFICE DE YASAIを導入して2年と長く愛用いただいている
阪急阪神不動産株式会社
にインタビューを実施すべく、大阪市の東梅田事務所を訪問。
大手不動産会社である同社がOFFICE DE YASAIを導入するきっか",2025-10-30 11:50:58,"501〜1,000名"
60036,人の森株式会社,https://www.officedeyasai.jp/interview/hitonomori/,医療・ヘルスケア,,"[""食環境を充実させたい"",""従業員の健康的な食事を支援したい"",""従業員満足度を上げたい""]","[""社員の食事の偏りをサポートしたかった"",""ケータリングやデリバリーでも野菜不足を感じていた"",""野菜を重視したサービスであった""]","[""元々お弁当を持参していたスタッフもタンパク質・野菜が不足しがちなので不足した栄養を手軽に補給できる""]","
## [36] 「人の森株式会社」の導入事例 | OFFICE DE YASAI（オフィスで野菜）

**URL:** https://www.officedeyasai.jp/interview/hitonomori/

課題
食環境を充実させたい
従業員の健康的な食事を支援したい
従業員満足度を上げたい
決め手
社員の食事の偏りをサポートしたかった
ケータリングやデリバリーでも野菜不足を感じていた
野菜を重視したサービスであった
効果
元々お弁当を持参していたスタッフもタンパク質・野菜が不足しがちなので不足した栄養を手軽に補給できる
カレー補助など元々ある福利厚生に組み合わせて疲れる
サラダなど単価が低いので社員が購入しやすい
複数拠点の野菜不足をOFFICE DE YASAIで解消！
その活用法とは？
今回は、OFFICE DE YASAI（オフィスで野菜）を複数拠点で導入いただいている人の森株式会社の導入事例をご紹介します。
本社での導入をきっかけに、「華厳工場」「パデル＆フットサル 晴れのち晴れ」、
別記事
でご紹介させていただいたフィットネスクラブ「ココカラ本厚木店」と現",2025-10-30 11:50:58,101〜500名
60037,北都システム株式会社,https://www.officedeyasai.jp/interview/hokutosystem/,IT・テクノロジー,,"[""食環境を充実させたい"",""社内コミュニケーションを活性化したい"",""従業員の健康的な食事を支援したい"",""健康経営を推進したい""]","[""食事補助として活用したかった"",""コミュニケーション活性化も叶えられる食事サービスを探していた""]","[""若手社員が食費の負担を軽くするために有効活用している""]","
## [37] 「北都システム株式会社」の導入事例 | OFFICE DE YASAI（オフィスで野菜）

**URL:** https://www.officedeyasai.jp/interview/hokutosystem/

課題
食環境を充実させたい
社内コミュニケーションを活性化したい
従業員の健康的な食事を支援したい
健康経営を推進したい
決め手
食事補助として活用したかった
コミュニケーション活性化も叶えられる食事サービスを探していた
効果
若手社員が食費の負担を軽くするために有効活用している
導入をきっかけに健康経営に取り組むようになった
オフィスでごはんの導入が健康経営のきっかけに！
今回は、北海道エリアにおいて、「OFFICE DE YASAI（オフィスで野菜）」の導入第1号である北都システム株式会社にインタビューを行いました。
北都システム株式会社では、元々従業員のお腹を満たすためだけの食事補助を検討していましたが、
「オフィスでごはん」の無添加コースを取り入れたことがきっかけで、その他の商品セレクトにも健康面を気遣うようになり、企業全体で健康経営に取り組むよ",2025-10-30 11:50:59,101〜500名
60038,株式会社iCARE,https://www.officedeyasai.jp/interview/icare/,IT・テクノロジー,,"[""食環境を充実させたい"",""社内コミュニケーションを活性化したい"",""従業員の健康的な食事を支援したい"",""健康経営を推進したい/li>""]","[""健康に関する「食事サービス」を取り入れたかった"",""社内カルチャーとして企業の魅力の一つにしたかった""]","[""野菜不足の食事に対し、プラスアルファで活用している""]","
## [38] 「株式会社iCARE」の導入事例 | OFFICE DE YASAI（オフィスで野菜）

**URL:** https://www.officedeyasai.jp/interview/icare/

課題
食環境を充実させたい
社内コミュニケーションを活性化したい
従業員の健康的な食事を支援したい
健康経営を推進したい/li>
決め手
健康に関する「食事サービス」を取り入れたかった
社内カルチャーとして企業の魅力の一つにしたかった
効果
野菜不足の食事に対し、プラスアルファで活用している
昼食を社内で完結できるため、時短が可能になり助かっている
健康意識の高い企業が社員の食事サポートとして
選んだサービスとは？
今回インタビューを行ったのは、健康労務に特化した法人向けのクラウドサービスを提供する株式会社iCARE。
同企業も、OFFICE DE YASAI（オフィスで野菜）を満足度高くご利用いただいている企業のひとつです。
株式会社iCAREでは健康に関するサービスを提供しており、「健康」という観点でOFFICE DE YASAI（オフィスで野菜）との親和性の高さを",2025-10-30 11:50:59,51名〜100名
60039,石垣島徳洲会病院,https://www.officedeyasai.jp/interview/ishigakitoku/,医療・ヘルスケア,,"[""食環境を充実させたい"",""従業員の健康的な食事を支援したい"",""従業員満足度を上げたい""]","[""近隣のコンビニにも車で移動しなければならなかった"",""院内の売店の閉店に伴う代替サービスとして導入""]","[""食事を買いに行く手間が省けた""]","
## [39] 「石垣島徳洲会病院」の導入事例 | OFFICE DE YASAI（オフィスで野菜）

**URL:** https://www.officedeyasai.jp/interview/ishigakitoku/

課題
食環境を充実させたい
従業員の健康的な食事を支援したい
従業員満足度を上げたい
決め手
近隣のコンビニにも車で移動しなければならなかった
院内の売店の閉店に伴う代替サービスとして導入
効果
食事を買いに行く手間が省けた
朝や夕方などそれぞれのスケジュールに合わせて利用できる
休憩時間の有効活用ができるように
OFFICE DE YASAI（オフィスで野菜）をご利用いただく企業の方にお話を伺うと、「コンビニに行ったり外食したりする手間が省けた」「短い休憩時間を友好的に活用できる」という声をいただきます。
特に、業務の隙間時間に食事を摂ることの多い職種の方や、近隣に飲食店やコンビニが少ない立地の方にメリットを感じていただいているようです。
今回お話を伺ったのは、救急指定病院である、石垣島徳洲会病院です。
日々医療の現場として昼夜を問わず稼働する同院では、な",2025-10-30 11:50:59,101〜500名
60040,出雲ガス株式会社,https://www.officedeyasai.jp/interview/izumogas/,小売・流通,,"[""食環境を充実させたい"",""健康経営を推進したい"",""従業員満足度を上げたい""]","[""食事を外に買いに行く時間がない中でも夜食や宿直明けの朝食など、従業員が便利に利用できる"",""サラダやフルーツが身近にあることで栄養が気軽に取れて健康に意識がいくため""]","[""外に食品を買いに行かなくても社内に食品がある安心感を得た""]","
## [40] 「出雲ガス株式会社」の導入事例 | OFFICE DE YASAI（オフィスで野菜）

**URL:** https://www.officedeyasai.jp/interview/izumogas/

課題
食環境を充実させたい
健康経営を推進したい
従業員満足度を上げたい
決め手
食事を外に買いに行く時間がない中でも夜食や宿直明けの朝食など、従業員が便利に利用できる
サラダやフルーツが身近にあることで栄養が気軽に取れて健康に意識がいくため
効果
外に食品を買いに行かなくても社内に食品がある安心感を得た
自然と社内で健康的な食事ができる環境になった
OFFICE DE YASAI（オフィスで野菜）は、現在多種多様なジャンルの企業で活用いただいています。その導入背景は、従業員の健康課題解決やコミュニケーションの活性化など企業の悩みに応じてさまざまです。
今回インタビューを実施したのは、島根県にある出雲ガス株式会社。
出雲ガス株式会社ではなぜOFFICE DE YASAIの導入に至ったのか、また導入によりどのような変化が生まれたのか、詳しくお伺いしていきます。
出雲ガ",2025-10-30 11:50:59,11〜50名
60041,JA全農,https://www.officedeyasai.jp/interview/ja%e5%85%a8%e8%be%b2/,IT・テクノロジー,,"[""食環境を充実させたい"",""従業員の健康的な食事を支援したい""]","[""ワンコインで程よい量の新鮮な野菜を摂取できる"",""軽めに食事をとりたいときにも役立っており、手軽に一品加えられるようなサラダが人気""]","[""見た目にも現れるほどの体質改善をした職員もいる""]","
## [41] 「JA全農」の導入事例 | OFFICE DE YASAI（オフィスで野菜）

**URL:** https://www.officedeyasai.jp/interview/ja%e5%85%a8%e8%be%b2/

課題
食環境を充実させたい
従業員の健康的な食事を支援したい
決め手
ワンコインで程よい量の新鮮な野菜を摂取できる
軽めに食事をとりたいときにも役立っており、手軽に一品加えられるようなサラダが人気
効果
見た目にも現れるほどの体質改善をした職員もいる
前日に食べ過ぎてしまった場合の翌日のリカバリーに役立っている
農家を支える全農スタッフが”日本の野菜をもっと身近に”感じられる場
農業専門の商社として、生産者と消費者を結ぶ架け橋に
日本各地の農家がそれぞれ出資し、農業協同組合を立ち上げました。その農家であり、会員である皆さんを支援する組織がJA全農です。会員は現在全国に一千万人ほどいます。私たちは、農家のみなさんが農業を行う上で必要な資材やインフラを整えています。
例えば、肥料を農協で購入すれば、量が多い分、農家さんが個人で購入するときよりも一つあたり",2025-10-30 11:50:59,"1,001名〜"
60042,株式会社JR東日本サービスクリエーション,https://www.officedeyasai.jp/interview/jresc/,飲食・食品,,"[""食環境を充実させたい"",""従業員の健康的な食事を支援したい""]","[""バランスの悪い食事を改善したかった"",""職場内で低価格な商品を購入できる"",""従業員の休憩時間を確保してあげたい""]","[""休憩時間を有効に使えるようになった""]","
## [42] 「株式会社JR東日本サービスクリエーション」の導入事例 | OFFICE DE YASAI（オフィスで野菜）

**URL:** https://www.officedeyasai.jp/interview/jresc/

課題
食環境を充実させたい
従業員の健康的な食事を支援したい
決め手
バランスの悪い食事を改善したかった
職場内で低価格な商品を購入できる
従業員の休憩時間を確保してあげたい
効果
休憩時間を有効に使えるようになった
職場での食事が充実した
業務の都合上、まとまった休み時間が取れないケースや、決まった時間に休憩が取れないということもあるでしょう。そして、その際の食事に悩んでいるという方は少なくありません。
今回インタビューを実施した株式会社JR東日本サービスクリエーションも同様に、休みなく運行し続ける列車内でのサービスを行うため、どうしても休憩時間が不規則になることによる「食事の課題」を抱えていました。
この課題を解決するための一つの手段としてOFFICE DE YASAI（オフィスで野菜）を導入いただきましたが、どんなシーンで活用され、社員の反応",2025-10-30 11:51:00,"1,001名〜"
60043,北関東ピアノ運送株式会社,https://www.officedeyasai.jp/interview/k-p-t/,人材サービス,,"[""採用を強化したい"",""健康経営を推進したい""]","[""「健康経営」の一環として活用出来ると感じた"",""健康的かつ、出先にも持っていくことが出来る""]","[""朝食を抜いていた従業員が朝オフィスに立ち寄り購入、外出先で食べるなど健康的な食生活に変化した""]","
## [43] 「北関東ピアノ運送株式会社」の導入事例 | OFFICE DE YASAI（オフィスで野菜）

**URL:** https://www.officedeyasai.jp/interview/k-p-t/

課題
採用を強化したい
健康経営を推進したい
決め手
「健康経営」の一環として活用出来ると感じた
健康的かつ、出先にも持っていくことが出来る
効果
朝食を抜いていた従業員が朝オフィスに立ち寄り購入、外出先で食べるなど健康的な食生活に変化した
休憩室に導入することで社内コミュニケーションの活性化に繋がった
職業上、移動を伴うお仕事をされる方にとって、食事の課題は多いはずです。
今回インタビューを実施した北関東ピアノ運送株式会社でも、外で配送業務に勤しむ従業員のための取り組みを進めたいということで、食に関する福利厚生を検討されていました。
北関東ピアノ運送株式会社が抱えていた課題と、導入後の従業員の反応などを含めお話を伺っていきます。
北関東ピアノ運送株式会社にインタビュー
―貴社の会社概要を教えてください
北関東ピアノ運送株式会社は、昭和56年に創業してから約43年",2025-10-30 11:51:00,11〜50名
60044,株式会社湖池屋,https://www.officedeyasai.jp/interview/koikeya/,製造・建設,,[],[],"[""が大きく、ミニサラダなどは朝のちょっとした時間にもぴったりですね。生鮮食品なので消費期限は2日程度と短いですが、発注数の工夫で対応可能な範囲です。""]","
## [44] 「株式会社湖池屋」の導入事例 | OFFICE DE YASAI（オフィスで野菜）

**URL:** https://www.officedeyasai.jp/interview/koikeya/

スナック菓子の製造・販売でおなじみの株式会社湖池屋。同社の原宿にあるオフィスでも、「OFFICE DE YASAI（オフィスで野菜）」を導入していただいています。
一見、食環境には課題のなさそうな立地ですが、原宿オフィスならではの課題があるそうです。株式会社湖池屋がOFFICE DE YASAIの導入に至った背景や、実際の効果や反響について詳しくお話を伺いました。
株式会社湖池屋にインタビュー
— 会社の事業内容について教えてください。
創業は1953年、当社はポテトチップスをはじめとしたスナック菓子の製造・販売を行っています。2016年10月1日に組織再編を実施し、創業の原点である「株式会社湖池屋」の社名を引き継ぎました。
本社を東京都板橋区成増と渋谷区神宮前に構え、製造拠点を含めると、従業員数はおよそ1,000名にのぼります。渋谷区神宮前の原宿オフィスには常時60〜",2025-10-30 11:51:00,11〜50名
60045,興南施設管理株式会社 与那国町ごみ焼却施設,https://www.officedeyasai.jp/interview/konan-sk/,医療・ヘルスケア,,"[""食環境を充実させたい"",""従業員満足度を上げたい""]","[""安定した食料の担保（与那国島の流通は船なので食料の安定供給が難しいため）"",""社員の経済負担軽減"",""食生活の質向上""]","[""与那国島の共同売店より安価に食事を購入できる""]","
## [45] 「興南施設管理株式会社 与那国町ごみ焼却施設」の導入事例 | OFFICE DE YASAI（オフィスで野菜）

**URL:** https://www.officedeyasai.jp/interview/konan-sk/

写真左：興南施設管理株式会社 与那国町ごみ焼却施設　新さま
写真右：株式会社KOMPEITO 代表　渡邉
課題
食環境を充実させたい
従業員満足度を上げたい
決め手
安定した食料の担保（与那国島の流通は船なので食料の安定供給が難しいため）
社員の経済負担軽減
食生活の質向上
効果
与那国島の共同売店より安価に食事を購入できる
台風など物資が止まるときも安心
カップ麺をよく食べていたが、野菜などの健康的な食事を取るようになった
OFFICE DE YASAI（オフィスで野菜）は、全国どこでも導入いただくことが可能です。
今回は、2024年9月現在で導入いただいている企業の中で
最南端
の「興南施設管理株式会社 与那国町ごみ焼却施設」にお話を伺いました。
与那国島という沖縄の離島に位置する同企業がなぜOFFICE DE YASAIの導入に至った",2025-10-30 11:51:00,5〜10名
60046,株式会社マクロミル,https://www.officedeyasai.jp/interview/macromill/,広告・マーケティング,0,[],[],[],"
## [46] 「株式会社マクロミル」の導入事例 | OFFICE DE YASAI（オフィスで野菜）

**URL:** https://www.officedeyasai.jp/interview/macromill/

従業員のウェルビーイングや健康経営が注目される中、多くの企業が福利厚生のあり方を見直しています。
今回は、マーケティングリサーチのリーディングカンパニーである株式会社マクロミルに、オフィスでの「食」を通じた福利厚生の取り組みについてお話を伺いました。
食堂導入を検討しながらも、最終的に「OFFICE DE YASAI」を選んだ理由とは？ 担当者様が語る、手軽さが生み出す意外な効果と、従業員満足度向上の秘訣に迫ります。
株式会社マクロミルにインタビュー
―まずは、貴社の事業内容と会社概要について教えてください。
当社は、オンラインリサーチをはじめとする多様なデータから生活者のインサイトを導き出し、企業のマーケティング課題を解決することを生業としています。
従業員は単体で約1,200名、グループ全体では約2,200名在籍しており、男女比はほぼ5対5です。本社は品川に",2025-10-30 11:51:01,"501〜1,000名"
60047,名古屋銀行,https://www.officedeyasai.jp/interview/meigin/,金融,,"[""食環境を充実させたい"",""従業員の健康的な食事を支援したい""]","[""質の良い食事を手軽に摂れるところが魅力的だと感じた"",""サラダチキンやゆで卵などヘルシ―なものが安く手軽に購入できるので、間食としても勧めやすい""]","[""味がおいしく、コンビニより安く購入できると好評""]","
## [47] 「名古屋銀行」の導入事例 | OFFICE DE YASAI（オフィスで野菜）

**URL:** https://www.officedeyasai.jp/interview/meigin/

課題
食環境を充実させたい
従業員の健康的な食事を支援したい
決め手
質の良い食事を手軽に摂れるところが魅力的だと感じた
サラダチキンやゆで卵などヘルシ―なものが安く手軽に購入できるので、間食としても勧めやすい
効果
味がおいしく、コンビニより安く購入できると好評
配達日に商品が売り切れるほどの高い利用率
社員食堂が閉まっている時間帯にも健康的な食事支援ができる
従業員の普段の食生活や健康に対する意識は、会社を安定して成長させるための重要な要素です。
今回インタビュ―をした名古屋銀行では、従業員の健康に取り組む活動の一つとしてOFFICE DE YASAI（オフィスで野菜）を活用いただいています。
具体的なOFFICE DE YASAIの導入の経緯や導入後の予想を上回る反響などについてお話を伺いましたので、ご紹介します。
名古屋銀行にインタビュ―
―
まずは、貴社の事業概要に",2025-10-30 11:51:01,"1,001名〜"
60048,マインドフリー株式会社,https://www.officedeyasai.jp/interview/mindfree/,医療・ヘルスケア,,"[""食環境を充実させたい"",""従業員の健康的な食事を支援したい"",""健康経営を推進したい""]","[""置き菓子サービスよりも健康的な食事補助をしたかった"",""試食セットで手軽さ、美味しさを実感できた"",""野菜を食べる習慣のない人でも、興味を持ってもらえそうと思った""]","[""社員の商品のおすすめを教えあうなどコミュニケーションの活性化になった""]","
## [48] 「マインドフリー株式会社」の導入事例 | OFFICE DE YASAI（オフィスで野菜）

**URL:** https://www.officedeyasai.jp/interview/mindfree/

課題
食環境を充実させたい
従業員の健康的な食事を支援したい
健康経営を推進したい
決め手
置き菓子サービスよりも健康的な食事補助をしたかった
試食セットで手軽さ、美味しさを実感できた
野菜を食べる習慣のない人でも、興味を持ってもらえそうと思った
効果
社員の商品のおすすめを教えあうなどコミュニケーションの活性化になった
ランチに手軽に追加することでビタミン補給ができる
パッケージも可愛いので女性社員にも喜ばれている
「超！健康」をテーマに掲げる総務チームが選んだ食の福利厚生
今回お話を伺ったのは、大阪に本社を構え、デジタルマーケティング事業を展開する、マインドフリー株式会社。
マインドフリー株式会社の総務チームでは「超！健康」というテーマをもとに、従業員のためにできることは何かを模索している中で、「OFFICE DE YASAI（オフィスで野菜）」に出会った",2025-10-30 11:51:01,51名〜100名
60049,MRT株式会社,https://www.officedeyasai.jp/interview/mrt/,医療・ヘルスケア,,"[""採用を強化したい"",""社内コミュニケーションを活性化したい"",""従業員の健康的な食事を支援したい""]","[""医療系会社のため、健康意識が高かった"",""試食会の女性社員の反響が大きかった"",""コミュニケーション活性化の一助になると感じた""]","[""社内ランチ人口が増加し、コミュニケーションが生まれた""]","
## [49] 「MRT株式会社」の導入事例 | OFFICE DE YASAI（オフィスで野菜）

**URL:** https://www.officedeyasai.jp/interview/mrt/

課題
採用を強化したい
社内コミュニケーションを活性化したい
従業員の健康的な食事を支援したい
決め手
医療系会社のため、健康意識が高かった
試食会の女性社員の反響が大きかった
コミュニケーション活性化の一助になると感じた
効果
社内ランチ人口が増加し、コミュニケーションが生まれた
OFFICE DE YASAIを利用することで健康上の問題を改善できたとの声が上がった
社内ランチ人口増加！ 女性社員約７割の会社で実践する食の福利厚生とコミュニケーションの関係
少子高齢化社会の現代日本において医療の発展は大きな鍵となっています。
MRT株式会社は、
2019
年現在
20
期目を迎える、医療
×
人材×
IT
に強みを持った企業。
医療従事者の人材紹介からオンライン診療アプリや医局向けグループウェアの提供といったテクノロジー領域まで、幅広く医療・介護・ヘルスケア領域の事業を展開し",2025-10-30 11:51:01,101〜500名
60050,株式会社ナカヒロ,https://www.officedeyasai.jp/interview/nakahiro/,IT・テクノロジー,,"[""食環境を充実させたい"",""社内コミュニケーションを活性化したい"",""従業員の健康的な食事を支援したい""]","[""部門を横断したコミュにコーション活性化をしたかった"",""健康経営の取り組みの一助として利用できると感じた"",""食生活改善サポートして利用できると感じた""]","[""社内に「オフィスで野菜」があることで健康意識の高まりを感じる""]","
## [50] 「株式会社ナカヒロ」の導入事例 | OFFICE DE YASAI（オフィスで野菜）

**URL:** https://www.officedeyasai.jp/interview/nakahiro/

課題
食環境を充実させたい
社内コミュニケーションを活性化したい
従業員の健康的な食事を支援したい
決め手
部門を横断したコミュにコーション活性化をしたかった
健康経営の取り組みの一助として利用できると感じた
食生活改善サポートして利用できると感じた
効果
社内に「オフィスで野菜」があることで健康意識の高まりを感じる
普段とは違う会話が生まれ、社員同士のコミュニケーションの活性化ができた
健康経営への取り組みや、社員に対する食の意識改革のために、多くの企業にOFFICE DE YASAI（オフィスで野菜）を導入いただいています。
今回インタビューを実施した株式会社ナカヒロも、「社員が心身ともに健康であること」を念頭に健康経営を推進する中で、OFFICE DE YASAIと出会いました。
どのような課題があり、そしてOFFICE DE YASAIを通じてどのように解決",2025-10-30 11:51:01,101〜500名
60051,成増幼稚園,https://www.officedeyasai.jp/interview/narimasu-kindergarden/,小売・流通,,"[""食環境を充実させたい"",""従業員の健康的な食事を支援したい""]","[""近隣にお店がないこともありサラダなどの野菜系はわざわざ買いに行くことがなかった"",""少しでも野菜を食べて従業員の健康のきっかけになればと思った""]","[""「お店で買うより安い」とスタッフに喜ばれている""]","
## [51] 「成増幼稚園」の導入事例 | OFFICE DE YASAI（オフィスで野菜）

**URL:** https://www.officedeyasai.jp/interview/narimasu-kindergarden/

課題
食環境を充実させたい
従業員の健康的な食事を支援したい
決め手
近隣にお店がないこともありサラダなどの野菜系はわざわざ買いに行くことがなかった
少しでも野菜を食べて従業員の健康のきっかけになればと思った
効果
「お店で買うより安い」とスタッフに喜ばれている
園児がいる時はスタッフもゆっくりできないので、園児が帰ったらすぐ手に取れる状態も助かっている
働きやすい環境づくりのために、設置型の食事補助をフル活用！
社会で働く人々の多くは、健康的な生活を送りたいと思っていても、運動不足や食生活の乱れなど、常にコンディションを良好に整えるのは難しいのが実情です。
コンビニなどで手軽に食事を摂れる便利な社会にはなっていますが、栄養バランスの取れた食事が毎日摂れているでしょうか。
実際、日本人はビタミンや食物繊維の摂取量が目標値には足りていない、つまり野",2025-10-30 11:51:02,11〜50名
60052,株式会社Natee,https://www.officedeyasai.jp/interview/natee/,飲食・食品,,"[""仕事中のリフレッシュ"",""従業員の健康増進"",""食環境の充実""]","[""健康面や手軽さ、2ヶ月無料のお試し期間があったこと""]","[""冷蔵庫の置き場を工夫した結果、OFFICE DE YASAIによって社員間のコミュニケーションが活性化した""]","
## [52] 「株式会社Natee」の導入事例 | OFFICE DE YASAI（オフィスで野菜）

**URL:** https://www.officedeyasai.jp/interview/natee/

課題
仕事中のリフレッシュ
従業員の健康増進
食環境の充実
決め手
健康面や手軽さ、2ヶ月無料のお試し期間があったこと
効果
冷蔵庫の置き場を工夫した結果、OFFICE DE YASAIによって社員間のコミュニケーションが活性化した
健康意識も高まり、ランチ代の節約にもつながっている
トレンドを追い続け、プロジェクトごとに柔軟な提案や調整が求められるSNSマーケティングの現場。流動的なスケジュールの中で、取引先とのコミュニケーションも多く発生します。今回インタビューを実施した株式会社Nateeでも、忙しい業務の合間に、それぞれのタイミングで手軽に、かつ栄養バランスの取れた食事を摂れる環境が求められていました。
インタビューでは、そのような状況の中でOFFICE DE YASAI（オフィスで野菜）を導入いただいた背景や具体的な効果について詳しくお話をお聞きしました。
株式",2025-10-30 11:51:02,51名〜100名
60053,NTSホールディングス株式会社,https://www.officedeyasai.jp/interview/nts-hd/,IT・テクノロジー,,"[""食環境を充実させたい"",""社内コミュニケーションを活性化したい"",""従業員の健康的な食事を支援したい"",""健康経営を推進したい""]","[""健康経営の取得をきっかけに、一歩踏み込んだサポートをしたかった"",""野菜を気軽に美味しく接種することが出来る"",""試食サンプルの味が美味しかった""]","[""想定していた昼食以外もおやつや残業時などさまざまな場面で利用されている""]","
## [53] 「NTSホールディングス株式会社」の導入事例 | OFFICE DE YASAI（オフィスで野菜）

**URL:** https://www.officedeyasai.jp/interview/nts-hd/

課題
食環境を充実させたい
社内コミュニケーションを活性化したい
従業員の健康的な食事を支援したい
健康経営を推進したい
決め手
健康経営の取得をきっかけに、一歩踏み込んだサポートをしたかった
野菜を気軽に美味しく接種することが出来る
試食サンプルの味が美味しかった
効果
想定していた昼食以外もおやつや残業時などさまざまな場面で利用されている
身近に食品があることでフードロス削減の意識が芽生えた
健康経営の促進施策、従業員の福利厚生など、OFFICE DE YASAI（オフィスで野菜）を導入する背景はさまざまです。
今回インタビューをしたNTSホールディングス株式会社は、「会社をよくするためにはどうすれば良いのか」という考えを発端に、健康経営への取り組み、そしてOFFICE DE YASAIの導入へと至りました。
数あるサービスの中から、なぜOFFICE ",2025-10-30 11:51:02,101〜500名
60054,医療法人社団 おうちの診療所,https://www.officedeyasai.jp/interview/omniheal/,医療・ヘルスケア,35,"[""食環境を充実させたい"",""従業員の健康的な食事を支援したい""]","[""院内にいながら手軽に栄養バランスの取れた食事を摂ることができる。"",""多様な診療チームがそれぞれの休憩時間に活用しやすい。""]","[""院内に食事があることで、貴重な休憩時間を有効に使えるという安心感が生まれた。""]","
## [54] 「医療法人社団 おうちの診療所」の導入事例 | OFFICE DE YASAI（オフィスで野菜）

**URL:** https://www.officedeyasai.jp/interview/omniheal/

課題
食環境を充実させたい
従業員の健康的な食事を支援したい
決め手
院内にいながら手軽に栄養バランスの取れた食事を摂ることができる。
多様な診療チームがそれぞれの休憩時間に活用しやすい。
効果
院内に食事があることで、貴重な休憩時間を有効に使えるという安心感が生まれた。
スタッフ同士のコミュニケーションも活発に。
在宅医療を提供する「おうちの診療所」は、患者の自宅を訪問して診療するスタイルを特徴としています。
医師やスタッフが外出する機会が多い中で、社内の健康管理や働きやすい環境づくりは大きな課題です。
そんな中、「おうちの診療所」はOFFICE DE YASAI（オフィスで野菜）のサービスを導入しました。
今回のインタビューでは、
外出の多い職場でなぜこのサービスを選んだのか、導入の背景や狙い、そして実際にどのような効果があったのか
について詳しく伺",2025-10-30 11:51:02,11〜50名
60055,オリオンビール株式会社,https://www.officedeyasai.jp/interview/orionbeer/,製造・建設,300,"[""食環境を充実させたい"",""従業員の健康的な食事を支援したい"",""健康経営を推進したい""]","[""手軽に導入でき健康意識の向上や福利厚生の充実につながると判断""]","[""野菜や果物を意識的に摂取する機会が増えた。""]","
## [55] 「オリオンビール株式会社」の導入事例 | OFFICE DE YASAI（オフィスで野菜）

**URL:** https://www.officedeyasai.jp/interview/orionbeer/

課題
食環境を充実させたい
従業員の健康的な食事を支援したい
健康経営を推進したい
決め手
手軽に導入でき健康意識の向上や福利厚生の充実につながると判断
効果
野菜や果物を意識的に摂取する機会が増えた。
オフィス内で手軽に健康的な食事を補えるため、外出やレジ待ちの手間が省ける。
社員食堂がない環境でも健康的な食事を提供でき、従業員満足度の向上に繋がった。
OFFICE DE YASAI（オフィスで野菜）はオフィスに設置するだけで手軽に利用できる「置き型健康社食」です。
業界や会社規模を問わずに全国で8,000以上の拠点で導入いただいておりますが、今回は沖縄でビールをはじめとする酒類清涼飲料の製造や販売、リゾートホテル事業などを中心に展開されているオリオンビール株式会社へお話を伺いました。
オリオンビール株式会社では「健康経営宣言」を掲げており、法律で定められ",2025-10-30 11:51:03,101〜500名
60056,山陰酸素工業株式会社,https://www.officedeyasai.jp/interview/saninsanso_20211210/,医療・ヘルスケア,,"[""従業員の健康的な食事を支援したい"",""健康経営を推進したい""]","[""お試し期間に、継続意向の結果が出た"",""「気軽にヘルシーな野菜を食事に追加できて嬉しい」という声が上がった。"",""ランチ以外での活用も多かったため""]","[""OFFICE DE YASAIの導入を評価され、健康経営マイレージ事業「鳥取県知事表彰」を2年連続で受賞""]","
## [56] 「山陰酸素工業株式会社」の導入事例 | OFFICE DE YASAI（オフィスで野菜）

**URL:** https://www.officedeyasai.jp/interview/saninsanso_20211210/

課題
従業員の健康的な食事を支援したい
健康経営を推進したい
決め手
お試し期間に、継続意向の結果が出た
「気軽にヘルシーな野菜を食事に追加できて嬉しい」という声が上がった。
ランチ以外での活用も多かったため
効果
OFFICE DE YASAIの導入を評価され、健康経営マイレージ事業「鳥取県知事表彰」を2年連続で受賞
カップラーメンなどを食べる社員が多かったのだが、プラス１品を100円から手軽に取れると、ランチ以外でも社員から好評を得ている
OFFICE DE YASAIを活用した健康経営の取り組みに県からの表彰も！
今回は、鳥取県に本社を構える「山陰酸素工業株式会社」にお話を伺いました！
山陰酸素工業株式会社は1946年に創業して以来、ガスの製造・販売やガス関連器材の販売などを行っている会社です。家庭用のガスから医療用、産業用まで、幅広",2025-10-30 11:51:03,101〜500名
60057,株式会社さんれいフーズ,https://www.officedeyasai.jp/interview/sanreifoods-20211210/,製造・建設,,"[""食環境を充実させたい"",""従業員の健康的な食事を支援したい""]","[""トライアルで導入し、カットフルーツとスムージーが人気で、男女ともに多くの社員が利用されていた"",""社員へのアンケート調査の結果、ぜひ継続してほしいという連絡があった""]","[""時間を選ばず手軽に健康的な食事ができるようになった""]","
## [57] 「株式会社さんれいフーズ」の導入事例 | OFFICE DE YASAI（オフィスで野菜）

**URL:** https://www.officedeyasai.jp/interview/sanreifoods-20211210/

課題
食環境を充実させたい
従業員の健康的な食事を支援したい
決め手
トライアルで導入し、カットフルーツとスムージーが人気で、男女ともに多くの社員が利用されていた
社員へのアンケート調査の結果、ぜひ継続してほしいという連絡があった
効果
時間を選ばず手軽に健康的な食事ができるようになった
社員の健康のプラス一品につながっている
社員の健康サポートに導入！社内アンケートでも大好評
今回は、1972年に創業し、鳥取県に本社を構える「株式会社さんれいフーズ」へお話を伺いました！
株式会社さんれいフーズは兵庫県北部から島根県西部までの山陰全域で、業務用食材の卸販売を行う食品商社としての事業と、山陰の特産物「紅ズワイガニ」を中心とした日本海の水産素材や地産品を活かした「さんれいフーズブランド製品」を全国に発売する食品メーカーとしての事業をされてい",2025-10-30 11:51:03,101〜500名
60058,SOMPOワランティ株式会社,https://www.officedeyasai.jp/interview/sompo-swt/,飲食・食品,,[],[],[],"
## [58] 「SOMPOワランティ株式会社」の導入事例 | OFFICE DE YASAI（オフィスで野菜）

**URL:** https://www.officedeyasai.jp/interview/sompo-swt/

延長保証サービスを通じて、お客さまに「安心と笑顔」を届けるSOMPOワランティ株式会社。同社では、健康経営のさらなる推進のため、オフィス環境の改善を積極的に行っています。
その中でも、設置型社食「OFFICE DE YASAI（オフィスでやさい）」の導入は、従業員の食生活を豊かにし、働きやすい環境づくりに大きく貢献しています。
今回は、ご担当者様に導入のきっかけからその効果まで、詳しくお話を伺いました。
SOMPOワランティ株式会社にインタビュー
―まずは御社の事業内容について教えていただけますか？
はい。当社はさまざまな製品の延長保証サービスを提供しています。万が一の故障やトラブルに備えることで、お客さまが安心して笑顔で暮らせる毎日をサポートしています。
―従業員数は124名とのことですが、日々のランチ事情はいかがでしたか？
本社のある御茶ノ水は、徒",2025-10-30 11:51:03,101〜500名
60059,株式会社タカラ薬局,https://www.officedeyasai.jp/interview/takarapharmacy/,人材サービス,,"[""採用を強化したい"",""食環境を充実させたい"",""従業員の健康的な食事を支援したい""]","[""社食のように決まった時間の運営ではない設置型社食のため「買う時間」を選ばない"",""好きなものを自分で選べるため""]","[""スタッフが隙間時間に好きなものを食べられるようになった""]","
## [59] 「株式会社タカラ薬局」の導入事例 | OFFICE DE YASAI（オフィスで野菜）

**URL:** https://www.officedeyasai.jp/interview/takarapharmacy/

課題
採用を強化したい
食環境を充実させたい
従業員の健康的な食事を支援したい
決め手
社食のように決まった時間の運営ではない設置型社食のため「買う時間」を選ばない
好きなものを自分で選べるため
効果
スタッフが隙間時間に好きなものを食べられるようになった
フルーツなど普段食べないものも口にすることができるため、手軽に栄養が取れている（味も美味しいと好評）
スタッフのコミュニケーション活性化
「従業員に健康で働いてほしい」という思いはどこの企業にもあるはずです。しかし、業務が多忙で食生活が乱れがちなことや、そもそも従業員の食生活の管理までは難しいという企業も多いでしょう。
健康にとって「食」は大切だと思いながらも、何から着手すべきかきっかけを探している企業は少なくありません。
OFFICE DE YASAI（オフィスで野菜）は、そのような従業員の「食」",2025-10-30 11:51:03,101〜500名
60060,株式会社テスティー,https://www.officedeyasai.jp/interview/testee/,IT・テクノロジー,,"[""採用を強化したい"",""食環境を充実させたい"",""社内コミュニケーションを活性化したい"",""従業員の健康的な食事を支援したい"",""従業員満足度を上げたい""]","[""体に良いものや健康なものを摂取できる環境を作りたい"",""福利厚生の軸である「社員の幸せに寄り添う」という理念にマッチしていると考えたため""]","[""間食に使用する従業員や営業が外出する前に小腹を満たすという使い方が多く人気""]","
## [60] 「株式会社テスティー」の導入事例 | OFFICE DE YASAI（オフィスで野菜）

**URL:** https://www.officedeyasai.jp/interview/testee/

課題
採用を強化したい
食環境を充実させたい
社内コミュニケーションを活性化したい
従業員の健康的な食事を支援したい
従業員満足度を上げたい
決め手
体に良いものや健康なものを摂取できる環境を作りたい
福利厚生の軸である「社員の幸せに寄り添う」という理念にマッチしていると考えたため
効果
間食に使用する従業員や営業が外出する前に小腹を満たすという使い方が多く人気
フレックス制の働き方の中でも食事が取れる
採用の際には企業の健康施策としてアピールしやすいポイントになっている
福利厚生で「社員の幸せに寄り添う 」　心と体の健康を支援する取り組みとは
今回インタビューさせていただいたのはアプリの開発・運営やリサーチ事業を展開する株式会社テスティー。
実は、インタビューするきっかけになったのは、テスティー広報担当小林さんのTwitterでのつぶやきでした。
ツイートでは「OF",2025-10-30 11:51:04,11〜50名
60061,テトラcoco,https://www.officedeyasai.jp/interview/tetoracoco/,ホテル・観光,20,"[""食環境を充実させたい""]","[""休憩時間をしっかり取ってもらえる環境づくりをしたかった"",""商品ラインナップと、トライアル期間の利用率の高さ""]","[""課題であった休憩室利用の促進に繋がった""]","
## [61] 「テトラcoco」の導入事例 | OFFICE DE YASAI（オフィスで野菜）

**URL:** https://www.officedeyasai.jp/interview/tetoracoco/

課題
食環境を充実させたい
決め手
休憩時間をしっかり取ってもらえる環境づくりをしたかった
商品ラインナップと、トライアル期間の利用率の高さ
効果
課題であった休憩室利用の促進に繋がった
健康を考えるきっかけが生まれている
企業の福利厚生として利用いただいているOFFICE DE YASAI（オフィスで野菜）ですが、導入する企業ではOFFICE DE YASAI（オフィスで野菜）以外の福利厚生も積極的に取り入れていることも多く、”従業員が働きやすい環境”を目指す意識を強く感じられます。
今回お話を伺った一般社団法人 テトラcocoも同様に、従業員を大切にする制度や環境を日々模索されていました。
そんなテトラcocoでは、どのような経緯でOFFICE DE YASAI（オフィスで野菜）を導入したのか、導入によってどのような変化が表れたのか、テトラcoco大手前教室の",2025-10-30 11:51:04,11〜50名
60062,徳山興産株式会社,https://www.officedeyasai.jp/interview/tkosan/,医療・ヘルスケア,170,[],[],[],"
## [62] 「徳山興産株式会社」の導入事例 | OFFICE DE YASAI（オフィスで野菜）

**URL:** https://www.officedeyasai.jp/interview/tkosan/

身体を資本とする仕事として、工場勤務や建設業、運送業、介護職などが挙げられます。これらの職種では、体力や健康管理が仕事のパフォーマンスに直結するため、栄養バランスの取れた食事や十分な休息が欠かせません。
今回インタビューを実施した徳山興産は、ステンレスのリサイクルで社会に貢献する会社として、従業員の健康に重きをおきながら事業を発展させてきました。
従業員の健康を考え、健康経営のために日々模索する徳山興産は、なぜOFFICE DE YASAI（オフィスで野菜）を導入するに至ったのでしょうか。同社が抱えていた課題と、導入後の変化について伺います。
徳山興産にインタビュー
ーまずは貴社の会社概要を教えてください。
弊社は、70年以上に渡りステンレスという金属素材のリサイクルを展開し、その活動を通じて社会に貢献しています。全国から不要となった金属資源を素材として買い取って販売し",2025-10-30 11:51:04,101〜500名
60063,toBeマーケティング株式会社,https://www.officedeyasai.jp/interview/tobe%e3%83%9e%e3%83%bc%e3%82%b1%e3%83%86%e3%82%a3%e3%83%b3%e3%82%b0%e6%a0%aa%e5%bc%8f%e4%bc%9a%e7%a4%be/,金融,,"[""従業員の健康的な食事を支援したい"",""社内コミュニケーションを活性化したい""]","[""残業時のお菓子の代替として利用したかった"",""健康的な食のサービスを取り入れたかった""]","[""朝ごはんが習慣化した社員も""]","
## [63] 「toBeマーケティング株式会社」の導入事例 | OFFICE DE YASAI（オフィスで野菜）

**URL:** https://www.officedeyasai.jp/interview/tobe%e3%83%9e%e3%83%bc%e3%82%b1%e3%83%86%e3%82%a3%e3%83%b3%e3%82%b0%e6%a0%aa%e5%bc%8f%e4%bc%9a%e7%a4%be/

課題
従業員の健康的な食事を支援したい
社内コミュニケーションを活性化したい
決め手
残業時のお菓子の代替として利用したかった
健康的な食のサービスを取り入れたかった
効果
朝ごはんが習慣化した社員も
争奪戦が起こるほど社員から人気の福利厚生へ
1年で社員数約30名増！急成長企業が社員間コミュニケーション創出のためにやっていること
toBeマーケティング株式会社は、「企業のマーケティングの目指す姿へ」を理念に、Salesforce Pardotの導入・活用支援を専門としたマーケティングエージェンシー。2015年に創業し、2018年9月現在4期目になります。
現在では",2025-10-30 11:51:04,
60064,東京ヤクルト販売株式会社,https://www.officedeyasai.jp/interview/tokyo-yakult/,小売・流通,700,[],[],"[""— 実際に導入してみて、社内の反応はいかがでしたか？""]","
## [64] 「東京ヤクルト販売株式会社」の導入事例 | OFFICE DE YASAI（オフィスで野菜）

**URL:** https://www.officedeyasai.jp/interview/tokyo-yakult/

東京都内の市区町村の大部分をエリアに持ち、乳酸菌飲料や健康食品、美容関連商品などを広く手がける東京ヤクルト販売株式会社。
今回は、同社が取り組む福利厚生のひとつとして導入された「OFFICE DE YASAI（オフィスで野菜）」について、その背景や効果、そして従業員のみなさんの感想を伺いました。
「人も会社も健康であること」を大切にしている同社では、日頃から従業員の心と体のコンディションを整える施策に力を入れており、社内の空間づくりから健康支援、部活動によるコミュニケーション促進まで、幅広くユニークな取り組みを展開しています。そんな中、オフィスの“食”を見直すことは自然な流れだったのかもしれません。
どんな思いで導入が決まり、どんな変化が生まれたのか。現場のリアルな声をお届けします。
東京ヤクルト販売株式会社にインタビュー
— まずは御社の事業内容に",2025-10-30 11:51:05,"501〜1,000名"
60065,株式会社鳥取マツダ,https://www.officedeyasai.jp/interview/tottorimatsuda/,小売・流通,,"[""食環境を充実させたい"",""従業員の健康的な食事を支援したい"",""健康経営を推進したい"",""従業員満足度を上げたい""]","[""朝食の欠食を避けるために効果的と感じた"",""健康経営の取り組みの一環として活用できると感じた""]","[""食事を外に買いに行く手間が省け、従業員が休憩時間をゆっくり過ごせるようになった""]","
## [65] 「株式会社鳥取マツダ」の導入事例 | OFFICE DE YASAI（オフィスで野菜）

**URL:** https://www.officedeyasai.jp/interview/tottorimatsuda/

課題
食環境を充実させたい
従業員の健康的な食事を支援したい
健康経営を推進したい
従業員満足度を上げたい
決め手
朝食の欠食を避けるために効果的と感じた
健康経営の取り組みの一環として活用できると感じた
効果
食事を外に買いに行く手間が省け、従業員が休憩時間をゆっくり過ごせるようになった
担当者自身が活用を楽しんでおり、部署の雰囲気が明るくなった
OFFICE DE YASAIには、新鮮なサラダやフルーツ、 健康的なお惣菜などを冷蔵でオフィスへお届けする「オフィスでやさい」と、健康にこだわったお惣菜を冷凍でお届けする「オフィスでごはん」があります。
オフィスでごはんは、管理栄養士が監修した無添加や国産食材にこだわったお惣菜30種類を毎月お届けするもので、毎月25品の商品が入れ替わるため、飽きることなく季節ごとの旬を味わうことができます。
冷凍でのご提",2025-10-30 11:51:05,11〜50名
60066,株式会社UYEKI,https://www.officedeyasai.jp/interview/uyeki/,製造・建設,,"[""食環境を充実させたい"",""従業員の健康的な食事を支援したい"",""従業員満足度を上げたい""]","[""”社員の健康維持”のために、オフィスで手軽に野菜や果物が食べられること"",""福利厚生としての価値が高く、社員が喜んでいること""]","[""野菜や果物を手軽に摂取できることで、栄養バランスの取れた食生活をサポート。""]","
## [66] 「株式会社UYEKI」の導入事例 | OFFICE DE YASAI（オフィスで野菜）

**URL:** https://www.officedeyasai.jp/interview/uyeki/

課題
食環境を充実させたい
従業員の健康的な食事を支援したい
従業員満足度を上げたい
決め手
”社員の健康維持”のために、オフィスで手軽に野菜や果物が食べられること
福利厚生としての価値が高く、社員が喜んでいること
効果
野菜や果物を手軽に摂取できることで、栄養バランスの取れた食生活をサポート。
「今日は何が届くかな？」と話題になり、シェアしながら食べることで交流が生まれている。
社員が気軽に利用でき、働く環境の満足度が高まっている。
OFFICE DE YASAI（オフィスで野菜）の事業が本格的にスタートしたのは2014年4月。
サービスが発足した当初から、約9年間ご利用いただいている株式会社UYEKIに今回はインタビューを実施しました。
まだ健康経営という言葉も浸透していなかった当初、株式会社UYEKIはなぜOFFICE DE YASAIのサービスを利用するに至った",2025-10-30 11:51:05,51名〜100名
60067,山田兄弟歯科 ウェルネスデンタルクリニック,https://www.officedeyasai.jp/interview/wellnessdental/,医療・ヘルスケア,10,"[""従業員の健康的な食事を支援したい""]","[""「オフィスで野菜」を利用することで、「長く使うために歯を健康に」という想いをスタッフがまず体現できると思った""]","[""忙しい合間にさっと健康的なものを食べられるようになった""]","
## [67] 「山田兄弟歯科 ウェルネスデンタルクリニック」の導入事例 | OFFICE DE YASAI（オフィスで野菜）

**URL:** https://www.officedeyasai.jp/interview/wellnessdental/

課題
従業員の健康的な食事を支援したい
決め手
「オフィスで野菜」を利用することで、「長く使うために歯を健康に」という想いをスタッフがまず体現できると思った
効果
忙しい合間にさっと健康的なものを食べられるようになった
健康な歯を保つために、口に入れるものへの意識が上がった
今回は、関西でクリニックを構えている山田兄弟歯科グループの分院の1つで、大阪の心斎橋にある「ウェルネスデンタルクリニック」にお話を伺いました。
山田兄弟歯科グループウェルネスデンタルクリニックは、「長い間お付き合いできる歯科医院」を目指し、不必要に削ったり抜いたりしない、身体に優しい治療を行っています。
治療だけでなく、予防やメンテナンス、生活習慣の改善なども視野に入れ、健康的で美しい口元で過ごしてもらいたいという考えを持たれているそうです。
そんな
“口か",2025-10-30 11:51:05,11〜50名
60068,山三交通株式会社,https://www.officedeyasai.jp/interview/yamasan-koutsu/,金融,,"[""採用を強化したい"",""社内コミュニケーションを活性化したい"",""従業員の健康的な食事を支援したい"",""健康経営を推進したい""]","[""社員の食生活改善、健康面へのサポートを充実させたい"",""設置型で好きなタイミングで利用出来るため""]","[""「自分でサラダを買うことがないからあると嬉しい」という従業員からの声""]","
## [68] 「山三交通株式会社」の導入事例 | OFFICE DE YASAI（オフィスで野菜）

**URL:** https://www.officedeyasai.jp/interview/yamasan-koutsu/

課題
採用を強化したい
社内コミュニケーションを活性化したい
従業員の健康的な食事を支援したい
健康経営を推進したい
決め手
社員の食生活改善、健康面へのサポートを充実させたい
設置型で好きなタイミングで利用出来るため
効果
「自分でサラダを買うことがないからあると嬉しい」という従業員からの声
従業員が本社に寄った際のコミュニケーションツールとして役立っている
健康優良企業に認定！老舗タクシー会社が社員の健康サポートのために取り組んだこととは？
無添加や国産、産地直送の野菜を中心としたOFFICE DE YASAI（オフィスで野菜）は、サービス開始から5年で累計1,300拠点以上に導入されています。
小人数のオフィスから大規模な企業まで、さまざまな企業にサービスを導入いただいていますが、その中でも
社員の健康に課題を感じる企業に多くの支持をいただいている",2025-10-30 11:51:05,101〜500名
